type_id,0,1,2,3,label
2,3.36148156369,0.782497167706,-0.316474920143,0.358455116291,2
10,-1.93508753874,0.289090140047,-0.449556287241,-0.814420141848,10
10,-2.15509988671,1.46172826399,-0.340170185749,-1.72821597674,10
10,-2.86530035591,0.476908268595,0.572797527892,-1.78679220546,10
10,-2.15858462163,0.852202769028,0.228382713875,1.26901101891,10
2,0.628729023698,-0.421049897042,-0.160642757275,-0.256257425178,2
10,-2.47705006339,-1.27812342986,0.141289757561,-1.00943470029,10
10,-1.57804047701,1.09142707217,1.03036531091,-0.105162696866,10
10,-1.24115185634,1.26498571485,-1.73294011998,-1.33910752547,10
2,0.843566447454,1.2452266012,-2.06372328055,-0.254176061545,2
10,-1.61304047808,0.498166187807,0.804389363286,-0.572404767568,10
10,-1.93939919422,-1.18723335141,-1.55202905869,-1.69305219514,10
10,-1.47279727519,-0.109088486886,0.273496333033,2.24677026275,10
2,1.02964979322,1.39895744705,-0.679194465355,-0.272911427379,2
2,1.7003812289,0.114908608665,0.823664120692,-0.453019232035,2
10,-1.2842747331,0.919363527033,0.180721512904,-0.84626461562,10
10,-2.38682789992,0.529959977609,-0.222846598819,-0.113839055126,10
2,-0.633072717883,-2.06976816918,-0.905083330082,1.22578136606,10
10,-1.05180760712,-0.901689020794,-0.547720980062,0.676219317151,10
10,-0.948361968118,-0.273267538665,-0.37469822332,-0.706435988401,10
10,-1.2293689498,-0.617364423414,1.0816188855,1.68522545964,10
2,0.837635297877,0.120702904804,0.579626834351,-0.073917985651,2
10,-1.72731893662,0.166456196043,-0.0711418221195,-0.125016517108,10
10,-1.51251256688,0.598557069919,0.430988262854,0.857243167292,10
10,-2.30125004022,1.56650835809,-0.863155644893,-1.77724916471,10
10,-1.24724750416,-0.195730721393,-0.574399983881,-0.199898862007,10
10,-1.81451535343,0.961127300774,-0.684390819085,0.380076445093,10
10,-3.03591261673,2.47185094623,-1.35876004722,-0.557593593302,10
10,-2.36158322548,-0.626564927969,-0.116150482012,-0.268284083646,10
10,-0.621669093168,-1.08842003665,1.10521599325,0.999060107183,10
2,-0.887724494918,0.991878729936,0.886003650943,0.560671692221,10
2,0.985108383449,0.948197811575,-0.625997462882,-0.110822061901,2
2,1.26473906701,0.982241782126,-0.622725968861,0.739810204317,2
2,1.22217290651,1.0259322578,-0.842405916377,0.258510436552,2
2,0.73869532801,0.884239810299,-0.555416377765,0.460054057871,2
2,1.67503152212,0.82391283051,-1.64728761426,-0.142444322708,2
10,-0.920395724106,0.895740519823,0.426815861349,-0.0494039220277,10
10,-0.327272134607,1.47088003175,-0.849030898341,-0.399560232697,10
10,-1.7551335719,0.429287749436,-0.630048241582,-0.0408224325072,10
10,-2.50787233893,-0.494464848282,-1.66321419015,-0.358180622767,10
10,-0.983630073386,1.27208421571,-2.24711169775,0.0507776630826,10
10,-1.31813805798,1.12880472771,0.87099540619,-0.556758744053,10
10,-2.06785955333,0.218118277269,-1.92473713334,-0.166508301379,10
10,-1.74187643784,1.48967840576,1.0442619952,2.17566349793,10
2,0.563783827919,0.188184703686,-0.489701601643,0.731405375733,2
10,-1.83732652319,0.709757976739,-0.901934421588,0.565383126167,10
10,-1.93722989128,-0.797221766482,-0.863708504212,2.06472313737,10
10,-1.66483587955,0.429149326168,0.121369336986,0.700253751717,10
10,-1.21340307935,-0.528597140375,-1.28672157913,1.38898802443,10
10,-1.14766627234,0.514742933224,-1.21104972469,0.815924242394,10
10,-1.45586618433,0.682280838841,-1.45078074064,-0.119402002574,10
10,0.511545433452,0.346908961519,-1.88421656652,0.212003432013,2
10,-3.00852666573,1.09724207099,-1.75536364816,-0.870443158063,10
10,-2.22008739153,1.76600127462,-2.1899815013,-2.18776549051,10
10,-2.42174792204,1.09881642275,-1.33814368985,1.64835185346,10
10,-1.83469210198,0.726233717727,-2.5983361196,-0.473148328008,10
2,1.11709762045,0.438200876961,-0.387514741952,-0.0587487270919,2
2,2.23037228262,-0.0472754750966,-0.506250449051,0.507571569299,2
10,-1.42155266757,-0.767680789663,-0.739509662524,0.755488887821,10
5,-0.399329326041,-0.0454668666076,0.713561486477,1.39798176127,10
2,0.693675142048,1.27264568863,-0.759669795109,0.0124581529793,2
2,1.49921168096,-1.51812687492,-1.71478898055,-0.042410289662,2
10,-0.454851975532,-0.504970337423,1.3720178348,-0.254876329678,2
10,-0.784707819425,-0.613801357758,-0.0962930942515,0.026425809491,2
10,-0.641153382227,-0.817396365999,0.570314640501,0.346521187811,2
10,-0.832160169174,0.931735242737,-0.0204727121326,0.874788569723,10
10,-0.571118727286,0.71588124406,0.166577730726,0.301220188811,2
10,-0.736052162354,-0.0366368720647,-0.101619326424,0.90783973022,10
10,-0.994383774164,0.573293042377,-0.229330525274,1.14820853934,2
2,-0.197171339371,0.495458898773,0.516760371581,1.49150102671,2
2,-0.648642859479,0.487075245905,0.856762356481,1.31376509873,2
2,0.0505854100907,-1.35810562089,-1.3407378285,0.0887574041759,2
10,-0.866292761482,1.81407986721,0.524374683573,-0.0310010587157,10
10,-2.34439623953,-0.639902269922,0.0835922812911,-0.55449021501,10
5,-1.02443056272,-2.59952818011,1.79858881135,3.78047432052,10
5,-0.664056560545,0.60829397389,1.26494494479,3.00154728754,2
10,-2.59406354922,-0.265765459215,0.345234421333,0.705605098733,10
10,-1.35312653212,1.52569445562,-0.656828914768,-1.03647324285,10
10,-1.4784147477,-1.36932245935,-1.86675453935,0.202424678667,10
10,-2.69887058227,1.08678361361,-0.173197085094,-0.309301930689,10
10,-2.15907724865,-0.329874458025,-0.687705267398,-1.74146709933,10
5,-2.03161671291,-2.03870190425,2.65905113888,3.41387806054,10
10,-2.91499454654,-0.951561673822,1.09500073976,2.22134194303,10
10,-2.88978812318,-0.234075804481,0.313026491909,0.140801125504,10
10,-1.55688367963,-0.722094214008,-1.14958759302,0.28759869069,10
2,1.39906884613,0.200674339425,0.440391593149,0.327409447234,2
5,-1.3321175908,-2.13033160027,1.08397719343,4.69158377217,10
2,0.673242528369,0.862034649812,-0.66117055523,0.896376260751,2
2,1.92144110575,1.00263413882,-0.762966708509,0.127639154122,2
2,0.904589583971,0.602760830282,-0.284187833892,-0.368678189338,2
2,1.34980841495,0.642911869709,0.0463284672034,0.185671171532,2
2,1.11993849972,0.842346439098,-1.05692163176,0.676183430776,2
2,1.08812756922,0.697289872594,-0.833408174231,0.537182619841,2
10,-1.85979266076,0.932259968667,0.324014463186,-1.31976353655,10
10,-1.41404166481,-0.0807942869074,-0.450091684959,0.922525709788,10
2,0.798697117457,0.159789950362,-0.0709412358391,0.0996462715318,2
2,0.812283864369,1.18321273385,-0.365876741516,-0.688004811117,2
2,2.06791782788,0.485369720766,0.214496923462,0.0780157777588,2
2,0.854411950105,0.763516503521,-0.509837142109,0.110075553688,2
10,0.806101276571,0.637277834662,-0.327968221675,-0.412653828444,2
2,1.72920568634,1.25419883849,-0.505359035067,0.750568299455,2
2,1.19232125518,0.813524128919,-0.82483607939,0.308984560735,2
10,-1.75408355378,0.326610646664,-0.371430495791,1.12166193643,10
10,-0.775189161308,-0.49261769186,-0.484502142366,0.0460987591617,10
10,-1.1364398141,0.465396573565,2.00606675239,1.59704502112,10
2,-0.159442251796,0.851550173845,-0.70820727373,1.15272504055,2
2,0.377517461205,-0.320498869524,-0.160664568411,-0.420396550903,2
2,-0.138131225543,0.0494239341599,-1.14999911271,-0.765164217553,10
2,0.934390192543,0.471964440623,0.169960602122,-0.566807846382,2
10,-3.06674378985,1.91553786272,0.353952011282,0.0583347943183,10
10,-2.64033951902,1.11232292118,-1.13910851267,-1.53093328401,10
10,-0.749135820595,0.38891560571,1.36987356886,2.44556845208,2
2,1.26147854594,-0.329550883776,0.577359483884,-2.09735905977,2
2,-0.348402488741,-0.912305487945,-1.07826923359,0.0478637418233,2
10,-2.73835702643,1.84993505927,-0.46045786497,-1.06581438714,10
10,-1.28940374847,-0.345953507368,0.330344729367,0.525613312992,10
2,0.0597076213041,1.65234241431,0.832895465801,-0.107460425776,10
2,-0.265216031957,0.701129921367,-0.07176367927,-0.0203315763002,2
2,-0.592985788545,0.494063575415,0.996751342483,-0.458953167622,10
2,-0.511912262124,-1.34001964748,-1.55025545325,0.174380672523,2
10,-0.795231427901,0.957269420786,1.06015043402,-0.0979942577841,10
10,-2.58227842485,0.796437155771,-0.323436787326,-1.06911646544,10
10,-0.899427886409,-1.93967909403,0.412118262463,1.88251915032,10
10,-3.08498728567,-0.267612901002,0.519894361384,-0.476587004029,10
5,-2.01685188845,0.765217991328,-0.114475210391,0.780938604987,10
2,-0.089590655213,-3.63217561924,-0.851724956395,1.46754995848,2
10,-0.831946100734,0.248862324433,0.00360155381813,1.59324066854,10
2,-0.32246595503,-1.59175238334,-0.862295174909,-0.706046246182,2
2,0.276862336847,-1.53005557845,-0.712860202285,-0.244860942754,2
10,-0.28413035034,-0.206620557686,1.24648135052,-1.00937680568,2
10,-1.01878510933,0.423124883784,0.942323488994,1.34431535387,10
10,-2.20026023778,-0.0553104573497,-0.658617295408,0.430636965301,10
10,-1.6554310615,0.280792526501,-1.60057152348,0.292852061334,10
2,0.935054593262,1.30838340043,-1.04542553647,0.365566486431,2
2,1.32370633418,0.537595564332,-1.42331241924,0.245192678229,2
2,0.945794551568,0.836257103958,-0.924428001316,0.0699109712546,2
10,-2.24416209185,0.374525031216,-0.086902650683,-0.15161829594,10
10,-1.97933951948,-0.704138253134,0.866688105198,1.12001024612,10
2,1.01356164585,1.19018589137,-2.15957274287,0.302574386715,2
10,-2.33233821807,-0.089185966787,-1.33285157147,-0.119285471826,10
2,0.706031690666,-2.05958980281,0.931369013651,-1.75237071132,2
2,1.39065881121,0.78724775033,-0.693268308749,-1.63434496728,2
2,0.81344588654,0.426233557707,-0.98252606978,-0.0964632883186,2
2,1.35969672592,0.41077536211,-0.626728080636,-0.349682533204,2
2,0.509682004321,0.399573215504,-1.16345133133,0.305711959176,2
2,0.689838819533,0.196584762765,-1.14204630132,0.461428776385,2
2,0.63515023003,0.734614734827,-0.241443954844,1.09746995728,2
2,1.18496264921,0.397224127947,-1.42615080927,0.106377245046,2
2,1.45922905817,-0.38293015493,-1.11053676047,0.892761134487,2
2,1.32400475993,0.429121980132,-0.964521993142,-0.129762015441,2
10,-1.25261524522,0.184508811029,-0.706526560406,-0.972952343108,10
10,-2.46601705012,0.765772428987,-0.260499984554,0.175406916767,10
10,-2.65174022131,0.72534653957,-0.958830045603,-0.316019158985,10
2,-0.351002074931,-0.726014541404,1.54829792182,0.914463824358,2
10,-0.762294899772,-0.0840686644614,1.20493118187,0.506603274918,10
2,-0.990113681082,-0.986423696916,-0.389912247813,0.617282133958,10
2,-0.509169292903,-0.0958234039642,-0.403387606232,1.2842134532,10
0,-1.0255966337,-1.30722041665,0.0222021474061,1.01374073112,10
2,-0.0904016273047,-1.47803768198,-0.143927887646,0.424773687105,2
10,-0.361186982115,-0.931293539064,0.331253944196,1.35375091952,2
2,1.53316026726,0.168481378428,-0.837575355739,-0.591120010444,2
2,0.879466389174,0.0365875018378,-0.472263795376,0.325747293482,2
10,-0.524547101808,-0.417150095631,1.1688385009,0.662181165109,2
10,-0.625295997276,-0.69189604431,-2.07379292807,-0.946419315934,2
2,2.54703334444,0.0267533882922,-0.453723916079,0.140327329308,2
10,-0.456343262668,-1.18013091164,0.164086335363,0.262868925241,2
10,-1.23327477238,-0.829150372715,-0.697952413912,-1.11258266029,10
10,-2.16229310287,-1.00623969639,-0.284978006751,-0.752131922513,10
2,1.49751797763,-0.234041353836,0.299700163492,0.284773527385,2
10,-1.52758904986,-1.16309841854,0.961579048516,1.20794545341,10
10,-0.803579251347,0.539518996848,0.0761163530719,-0.163964049712,10
2,0.580507652259,-0.615432962429,-0.774312122285,0.725626175979,2
10,-0.879458030646,-1.12753443198,-0.0180298309182,-0.693188962546,10
2,-0.828823428358,0.907414882039,-0.44042658529,1.46003708986,10
2,1.10365782135,0.798562422221,-0.724630120134,0.0734101304625,2
2,1.22269505217,0.764799241662,0.451298584685,-0.463455641159,2
2,0.150518783643,1.08299824505,0.180982454865,0.898292902448,2
10,-1.17537142327,-0.293942132071,-0.553268178931,-0.565603840947,10
2,0.194187331869,-0.846661278148,1.2063583305,0.694955040345,2
10,0.47826664326,0.299856829451,0.360157673867,-0.0904731686476,2
2,0.264172945301,0.899699584487,-0.752370959439,0.085911953655,2
2,0.518039517825,0.952884935758,-0.21287219648,-0.0470327339724,2
2,0.489372468159,1.50448893112,0.284263909752,-0.411083198722,10
10,-1.65550621542,0.668058418058,1.40777424925,2.16642158704,10
10,-3.16749603463,0.434803796986,1.29537892584,-0.177819753587,10
10,-2.40647131575,-0.541580694979,0.131971600418,-0.589675579917,10
2,0.853919096442,0.552509709376,-0.40809050104,0.972510148542,2
10,-0.421115008518,0.205573096664,-0.623972471297,0.0818764986357,2
10,-1.50671528942,-0.954623390882,0.789661536139,-0.303571401468,10
10,-1.92757546524,0.639178900572,-0.598871415325,0.0150490059865,10
10,-2.09105931151,-0.0894663394727,-1.53709702395,-0.0311688933994,10
10,-1.02292784495,-0.034234302819,0.439709515216,0.623902629336,2
10,-1.84344165064,-0.363583000991,0.632292173773,1.2414160741,10
10,-1.45349825754,0.03710411371,-0.821118174904,-0.0357581313293,10
10,-0.237946999408,1.33746158841,-0.166644855397,0.352783070065,10
2,0.709048489366,0.903221834429,-0.650893225685,0.944207731232,2
2,0.954999919861,-0.364542896705,-1.08565526354,-0.0986269608144,2
10,-2.18328814498,0.852909969218,-0.139535374913,1.14028070532,10
5,-2.39347422301,-0.574630285959,1.76706491757,2.99988000189,10
10,-2.67340733989,1.11332838232,0.325182435649,1.41810764761,10
10,-4.23054726562,1.27405145348,-1.10032014938,-1.47594629771,10
10,-2.29471029001,2.16779527978,-1.99205724615,1.22796509906,10
10,-1.89471776464,0.170712591006,0.637561086754,1.41373129512,10
10,-1.81009609288,0.472140288054,-0.617832604574,0.425600895532,10
2,0.328052529831,0.451186029445,0.221051216507,0.710481119124,2
2,1.01163204707,1.09954635927,0.168790635801,0.501854706877,2
10,-1.36848115216,1.27989346905,0.902185664254,-0.35364760866,10
10,-2.36793200168,0.360507544108,1.39303511841,1.68129382045,10
2,-0.829356916589,0.751792064353,0.246972816506,-0.850610725765,10
10,-1.93593384724,0.0157151901686,-0.657366319992,-0.262113563419,10
10,-2.61084960687,1.32350167936,-0.950551878675,0.02385864969,10
10,-1.6496538603,0.188836950752,-0.815217001134,-0.317425508244,10
10,-4.17345470183,0.145514068259,1.327279372,0.240358787271,10
10,0.654901023466,0.609234172608,0.225491756377,-1.55878784301,2
2,0.362656191992,0.402224178434,-0.566251005725,-1.70854013808,2
10,0.425437402291,0.569180826325,0.283473684803,-0.209026625906,2
2,1.17188645603,-0.370722126996,0.889340605251,1.04836218621,2
2,0.944414658031,0.394544813794,0.194482524652,0.897848766922,2
10,-2.25973332887,0.563453295281,0.0490279172244,-0.0895582961745,10
10,-0.737429770434,-1.6285532659,-1.89760415951,-0.607046632537,10
2,1.77314585692,0.660869241108,-1.74670964176,1.75044657784,2
10,-1.45848965241,0.608729186091,0.384356567949,-0.244112925343,10
10,-1.15096368362,-0.049503967327,-0.692347452542,-0.488100239043,10
10,-1.51766265159,0.72795617578,-0.722848509958,-0.235089480723,10
2,1.18655452349,-0.0635322506302,1.02325775367,0.509015396467,2
2,-0.0383006684541,-3.24382178841,-1.64898532085,-0.573115223297,2
10,-1.72291742867,-0.350315528397,0.796558441869,0.793481055837,10
10,-2.15084958022,-0.480880601155,1.13617037978,1.28410183055,10
2,1.13028754866,-1.24487929108,0.105138771875,1.48189577446,2
10,-1.98474315467,-0.543428509243,-0.920680888096,0.993008693931,10
10,-2.48891655477,-0.160313070699,-2.15080169722,-0.953691357562,10
10,-2.97106567955,1.01790962208,-0.464696966399,-0.363014525051,10
10,-2.24889427639,1.093347683,0.212218986251,0.207448377233,10
10,-2.43098360908,-0.33541329504,-0.404871349925,-0.397489455402,10
2,0.842747057154,0.497206761619,-0.0327248219731,-0.349076998712,2
2,2.52177650682,0.268997536948,-0.616202970319,-0.43461423184,2
2,1.80537468918,-0.0544570527034,-0.769395335323,2.16507470949,2
2,0.130997860335,-0.281263744219,-1.38380503293,0.737312068867,10
10,-2.14746228576,-0.262801162916,0.81641563958,-0.396688274676,10
10,-1.80807039789,-0.0739660744188,-0.0247575631498,-0.911006058744,10
10,-2.4151860759,0.263490402277,-0.00797601945326,0.676327845159,10
2,0.460989794027,0.511751401601,-0.603325468183,0.701852645095,2
2,0.27503150363,0.691485382203,-0.121858775078,0.423190135658,2
10,-0.742615407181,-1.05876199189,-0.453963848538,-0.502983614213,2
10,-1.89974664779,0.696527362837,-0.722315587711,-0.54224812089,10
10,-1.66043882162,-0.0809140559634,0.539631657574,2.88353736043,10
10,-1.54629404172,-0.941230280872,-0.583037943165,0.934966331849,10
10,-1.09844939576,-0.281231153101,-0.534699526968,-0.336090846805,10
10,-0.46777075481,0.932473804037,0.568597441908,-0.306847202257,2
10,-0.249380583365,-0.177064429604,0.502253583346,-0.334956417789,2
10,-1.41209189174,0.468371684107,-0.546587947188,1.27882365707,10
10,-0.93139308927,0.280946048167,-0.351899438048,0.533382067073,2
10,-2.27922709298,-0.372064932377,-0.488331914218,-0.180554009214,10
10,-2.80773158714,-1.13541679839,0.476750051034,-0.283256755824,10
10,-2.37946080791,1.76858305394,1.113834752,0.640606745753,10
10,-2.2146790837,0.12111596576,0.410885328388,0.509046580591,10
10,-1.30747135815,-0.203543525076,1.16745230889,1.01398088183,10
10,-2.39762899052,0.41313587085,0.871694588239,0.306068242851,10
10,-2.45498563948,0.043344995766,0.639385818385,-0.376221981127,10
10,-2.42110921882,-0.904178573535,-0.107514360012,-0.208844265898,10
10,-2.00406501939,-0.23890021479,0.323209175427,0.716641416281,10
10,-2.17995187629,-0.233909984792,0.455768527588,-0.0586653307278,10
10,-3.8003401924,-0.686444020382,-0.0896160299585,0.698994599522,10
10,-2.3553355142,0.260466876259,-0.551947835836,0.287524533236,10
10,-2.5861612698,0.36103733703,-0.0164011798005,-0.949432420564,10
10,-2.18896510977,-0.168427958874,0.397840177164,0.611853674425,10
10,-2.6984082565,0.431665794929,0.250775881836,-1.03660987531,10
10,-1.68274196585,-0.609630940953,0.114766738991,1.63892935197,10
10,-1.67365535971,0.0790725916316,-0.411058641566,0.597252346118,10
10,-1.66127546729,-0.556933579417,0.156879870948,1.62145507982,10
10,-1.74671177338,1.08851569987,0.191151000339,0.692199720643,10
10,-1.39103594292,-0.296430946726,-0.512970439178,0.545446277581,10
10,-1.08334073681,0.194855667134,1.22419881083,1.88327640438,10
10,-1.52649615501,0.265909864804,0.393342766227,-1.33740793247,10
10,-1.03559404106,-0.975578897182,-0.479200179076,0.845533896322,10
10,-2.39422274612,1.34377167524,-1.48190864515,-0.217077701471,10
10,-0.377649853834,-0.394873793577,1.11029819819,2.61735636984,2
10,-1.18866405544,0.294594363769,0.603021676089,1.38795032608,10
10,-2.56120954404,0.928315883603,-0.928143311219,-0.0179311513502,10
10,-0.33154363111,0.446223476636,-1.57355837222,-1.77406809656,2
2,-1.87254836938,0.453707565117,-1.54891637986,0.509141913336,10
10,-2.19036684349,2.63255040849,-0.588150113668,-0.339175850361,10
2,-1.23864238959,0.151662982847,-0.689572143804,-0.403551398774,10
10,-4.52222596186,-3.15112806751,-2.14680168217,-0.793329851638,10
10,-2.51851498698,0.256885217793,0.34686637376,0.847221195833,10
10,-1.75190769046,-1.25523058359,1.04902165606,0.0919473705657,10
10,-4.18400254591,1.41121438364,-0.854744254196,0.828311732692,10
10,-2.69699402687,0.915015106991,-1.16133298528,0.259201170582,10
10,-2.09287816366,0.774211588407,-0.119770847309,1.18670990228,10
10,-1.48100933304,-0.0793857316314,-0.490133818062,-0.136655405653,10
2,2.28202217257,-0.987204183311,-3.26152160856,-0.656750040751,2
10,-1.69005515049,0.719272098106,-1.69517422267,0.19395044515,10
10,-2.00426867453,0.188546346143,-0.819452392487,-0.79392163477,10
10,-2.80742720444,0.814393481323,-0.0498893896908,-0.374686596103,10
10,-0.961297276267,-0.0149913910062,0.221243078648,0.0482550047029,2
5,-1.62985117489,-0.598958450649,2.82128375358,1.72878113871,10
10,-1.14965067948,1.7417622492,1.50663898873,0.659223552549,10
5,-1.80264824733,0.955941116726,2.38818426842,2.01515533954,10
2,-1.10727222226,-0.541580231354,-0.480754213026,1.26663873689,10
2,-0.293394607637,0.0519960160502,-0.68254984889,1.02362318049,10
10,-2.59157840301,0.544455161206,0.260743835835,0.411763264862,10
10,-0.94901715582,1.95531018919,-0.874569806571,-0.800013880769,10
10,-2.14854671662,0.0222407983883,-0.86105824311,0.724931671261,10
10,-2.0267775324,1.22468859135,0.855456631678,1.85187018327,10
2,1.69451479867,1.37686039632,0.37065771148,-1.03280990837,2
2,2.84594353037,2.28924608826,0.322458914253,-1.62726031878,2
2,-0.0387139031898,1.12520282104,0.385585772422,0.111798274202,2
2,1.05428461798,0.913559963753,0.548916591195,0.656755611547,2
2,0.998900374567,0.677562022293,-0.343994838714,0.566955008292,2
2,0.707452853893,0.341015337719,-1.45716943801,-1.0950894434,2
2,1.12282794001,-0.28166137525,-2.93326536602,-0.495591972766,2
2,0.717673689439,1.16664306966,-0.648930717034,0.243230941616,2
2,1.20056295017,-0.737271314876,-0.268462643383,-0.15234726589,2
2,0.788569363805,1.6941383902,-1.14899314685,-0.838187216854,2
2,1.41219561727,0.0195729588942,0.0319060286878,0.666119237921,2
2,0.951860929533,1.71079484967,-1.15475808239,-1.16071106822,2
10,-1.80652621629,-0.524154339369,-0.717002874644,1.5591907126,10
10,-1.2567918607,0.92266560666,-1.21853837981,0.0255208925507,10
10,-2.13043792458,2.47524788,-1.39291179582,-1.77520609015,10
2,0.512170672239,0.119681881311,0.164885144833,0.19000143038,2
2,1.10599631013,-0.727237186581,-0.879252149031,0.843491861442,2
2,0.578754719831,0.267073185537,1.03971811388,0.612134920383,2
10,-1.84796012791,-0.347219609905,0.397271537224,0.623431276295,10
10,-3.02767502397,-0.152245400353,0.256903863372,-0.453869720439,10
10,-3.28395029268,1.07229336818,-0.193798494958,1.72401225659,10
10,-4.24242224969,-0.185921518888,1.4554442249,0.0859712561947,10
10,-2.78334486814,-2.05670437949,0.243059903423,-1.50059883286,10
10,-2.62670894475,-0.631343329877,-0.716720638232,1.39025939972,10
0,-0.689824994841,-0.321000311096,1.95236283508,-0.00232475320364,10
2,0.505562683521,0.773406435449,-0.19737457409,-1.74385937321,2
10,-3.71556428079,2.8666694586,1.16816929699,-0.629031088996,10
2,1.17381456516,0.327805456815,0.506196697435,-0.465279210411,2
5,-1.22052080751,-2.10043111833,2.44278614389,3.09735232562,10
2,1.54096966493,2.35689834682,0.395570207436,-0.449437258457,2
2,0.153844716125,0.487460380987,0.546173487001,0.8014302249,2
2,2.03906145477,1.15565165107,1.40040411535,-1.06885260557,2
2,0.899641093644,-1.09363637839,-0.214766140663,0.768112064132,2
10,-3.18648454719,1.43823281229,0.478913693683,-0.860546243589,10
10,-2.32193860354,0.548260196127,-0.511974548692,0.290914891327,10
10,-1.07256080427,-0.700454981131,-0.89511602161,-1.72554404413,10
10,-2.56927184194,1.26640396042,-1.04438533857,-2.34443520816,10
2,-1.00644707666,-0.168206787328,-1.09554849595,-1.09302397713,2
10,-2.09136113565,0.586614365677,-1.58648572294,2.50406270767,10
10,-1.17806083635,-0.0735984784796,0.509618136596,0.230100886362,10
10,-1.83366374264,0.114262401773,-0.516521440986,0.400035246219,10
10,-1.87406708289,2.96083602243,-1.47612713807,2.2192142379,10
10,-2.12694927827,0.00551834520576,-0.638993680566,0.21466737704,10
10,-2.48270189492,1.42719852625,-1.82392451805,-2.43318215975,10
2,-2.27670383929,0.0930187089354,-0.469926986441,0.346208598026,10
5,-2.29199479351,-0.256062294259,0.847029520118,1.65272858132,10
10,-1.60388629237,-0.796945016059,-0.129526442719,-1.32677324872,10
10,-1.23478479726,-0.0600714731601,0.461377462347,0.781627712196,10
10,-1.20833317027,-0.816537358668,-0.385551968781,0.787404776744,10
10,-2.46261477379,0.716896884636,-0.0869283849649,0.149066641892,10
10,-2.41410346979,-0.388061754762,0.140289902782,0.258048782275,10
10,-2.7751205097,1.19060739272,1.57630981404,-0.0242434009854,10
2,-0.253610696175,0.477674347789,-0.184974818759,-0.80482531477,2
10,-1.99824070785,0.0924682066007,1.13857172741,0.651791995124,10
10,-1.88912262348,0.756657541289,-0.108617625053,1.1211682938,10
10,-2.37445191265,0.834558521062,-0.488144460187,0.217050638557,10
10,-2.3559915557,-0.171607638,-0.857083071895,-0.882671075417,10
10,-2.27423580351,-0.986425468809,2.22801051055,1.07154030699,10
10,-3.12935177665,1.11311308217,0.962277000136,0.679508350616,10
10,-2.02438558118,0.95060564892,0.481096750657,-0.388143387596,10
10,-1.57624843162,-0.216068267977,-1.01502077731,-1.22772911558,10
10,-1.49622015288,-0.439151394696,0.0723285460027,0.722691662764,10
2,0.553926474832,-0.148848100999,-1.04976578887,1.29807301671,2
10,-1.80936902778,-0.00558533572367,-1.31652972299,-1.12813575923,10
10,-2.77822302753,1.36867475387,-1.4233311874,-1.27432364571,10
2,0.0870086408378,1.63540782517,1.48419784065,-1.86398041133,2
2,0.713540881056,0.644114522473,0.0540716064575,-0.684099951493,2
10,0.556899048669,0.752539796324,-0.823297171857,1.18838370937,2
2,0.663904326214,0.922487399847,-0.855363586496,0.404057351776,2
2,0.885244982629,0.604228535346,-0.730665171848,0.244812323614,2
2,1.38415567911,0.921686723252,-1.18359619146,0.531593460286,2
10,-2.21078679372,1.11125388834,1.55728644203,0.558043389818,10
10,-2.44753040138,-0.308584353442,-0.774564102525,0.614574575191,10
10,-2.34565370998,0.354046307171,-0.697222715135,-0.414940629712,10
10,-1.89388314923,1.10388194926,-1.12191682509,1.39083293136,10
10,-1.61789104158,1.05562665483,0.146250497621,-0.778421094042,10
2,-1.96112818402,1.07247426119,-0.702086235235,-1.28177676035,10
10,-1.61537026175,0.662997634657,-1.8958986038,2.33414357469,10
10,-3.44658874542,0.547772292377,-0.189570164093,0.603811033849,10
10,-1.68808727881,1.49524118847,-1.35932297496,-1.02164448168,10
10,-2.53857526483,0.495121028841,-0.783088099782,0.989557325151,10
10,-1.34472013427,0.22839686021,-0.248166857234,0.691886127513,10
10,-1.83857591928,-2.3456943797,0.697778891572,1.29315649259,10
2,1.3356916021,0.544636045313,0.342767707587,0.434973021823,2
10,-0.601154969669,-0.463977446288,-0.376531362369,0.274805214263,2
10,-1.56233411288,-2.08533444931,-0.140386804794,0.0699753551761,10
2,-1.11435869421,-1.61269210769,-0.511920689558,0.0489666882095,10
10,-1.15303174734,-0.0396541052041,0.991408018615,1.20003853278,10
10,-0.405902103281,-1.62128578336,1.83878617058,-0.767557296437,2
2,0.841690443924,0.483937212705,-0.506263754566,1.00010658921,2
5,-2.9341747375,-1.7926217737,4.06877065617,5.89936423674,10
10,-1.95527189435,0.263986296221,0.657694759975,1.04946446064,10
10,-2.45039393923,-0.325730881254,-0.210864202246,-1.13874935234,10
10,-1.96557170663,0.32006366272,0.919092671252,0.835269430638,10
2,-1.41780744046,-0.0656859778352,1.24062430609,-0.280436820225,2
10,-2.20782491905,1.45060625159,-0.291695738685,0.487161316788,10
10,-1.71674721558,-0.262662807271,-0.486150842328,1.08241093826,10
10,-1.90856739855,0.503824225529,-0.6042847911,0.125987409618,10
10,-1.61475917092,-0.455367725309,-2.14912280072,-1.02577595907,10
10,-2.27323263905,-1.0170763909,-1.169464853,-0.928379348279,10
2,-0.157612200085,-0.878613223463,-0.240582980218,-0.339119020944,2
10,-2.01647228005,1.58228444272,-0.0431752564507,-0.174492476439,10
10,-1.76559900343,-0.311036580085,-0.761706457573,0.125755900776,10
10,-2.0707246244,0.551741177176,0.37882659971,-0.0400339329539,10
10,-2.51027300834,0.171490101111,-1.88913583155,-1.63365865299,10
10,-2.0232649737,-0.868277696492,-1.26592788039,-1.40286519112,10
10,-2.79523173655,0.327100743029,0.23779439093,0.71464435152,10
10,-2.19143768477,0.696662911993,-1.14061601435,-0.406402487547,10
10,-2.71861441307,0.316509798924,-0.755230006419,-1.92644908071,10
2,0.614127771005,0.85291884511,-0.741537121467,-0.13266479719,2
2,-1.29046586685,-0.252801887909,1.59094712237,0.19301406582,10
2,1.22480421161,0.771075925856,-0.803926169511,-0.594673048349,2
2,1.11497646182,-1.78632286697,0.027093702097,-0.221870526556,2
2,1.35571398169,1.11270767283,0.459056226049,-0.285312075754,2
10,1.00394854312,1.06222344509,0.929155331555,-0.0358492413908,2
10,-1.74371295017,0.152663003812,-1.0785361304,0.0413097187398,10
10,-2.45196433995,-0.68409310013,1.06173932776,-2.92540885863,10
2,0.087879665428,-0.0621032631664,2.03019705805,0.0458257548219,2
2,0.7701553834,1.06102540764,-0.733415328463,0.0591444040363,2
2,-1.46927060604,-1.23261359407,0.564369453104,0.58965539463,10
2,-0.24412206692,-1.0079357436,0.90548149885,0.15019234163,2
10,-0.935466133735,0.965083630599,-2.26936824956,-1.44192461972,10
10,-1.53772869234,0.949564631684,1.24629811,0.923103363467,10
2,1.16292778254,-0.328614662991,-0.307256059983,-0.836139261945,2
2,1.27746424623,0.0349263325158,0.432235588593,0.139020865794,2
2,0.222415527117,-1.55665117465,-1.92738472991,0.82790868219,2
10,-0.720637906962,-0.527809579423,-0.698068305702,0.886115524058,10
2,0.345665322434,1.99905721864,0.448690071294,-0.550287176061,10
10,0.444256220654,-0.491452687721,0.223376993199,0.447679834925,2
10,-1.31166661269,0.871805714273,-0.607524491824,0.318742880796,10
10,-1.73616274154,1.74850179751,0.209512448292,-0.77187460775,10
10,-1.17674048222,1.33826587245,-0.595796647047,-1.41971845958,10
2,0.174268342035,-0.768495278162,-0.594207405217,0.760911921841,2
10,-0.868966742979,0.470594249141,0.781207422189,0.883563425091,10
10,-0.455678379881,0.815706525997,1.33064752825,-0.517521620174,2
10,-1.27713259731,0.940831944142,-0.367175876441,0.191902641837,10
10,-1.68514572013,0.60819868349,-1.20049713216,0.227074742769,10
10,-1.89846863193,0.274246506539,-1.78557695534,-1.45719895544,10
10,-1.92843691925,-0.191449348163,-0.224903833008,0.510146319679,10
10,-1.38860812103,1.89983026075,0.799388190694,1.47322239036,10
2,0.726803050322,-0.0811147200707,0.00997833398948,0.0747244824933,2
10,-1.08070450052,0.187569669778,1.14890680501,1.4778466681,10
7,0.161792996883,-6.3590473351,-3.90803721726,-0.0856022478764,2
2,0.664561755092,-1.43723092883,0.102786382492,-1.78939159502,2
2,-0.553422780858,0.0685684124789,0.48472116142,0.576246138185,2
10,-0.488875136818,0.920068546385,0.355660113567,0.646335444109,2
10,-0.721399328515,-0.221923598466,0.751828970555,0.608657736727,10
10,-0.983215323919,-1.66731462879,-0.83177409093,1.13063151439,2
0,-0.102481113833,-1.68178629481,0.374871254797,-0.926759251472,2
10,-0.562791063036,1.02465278124,0.792968594086,1.18420395542,2
10,-1.30290979882,0.260957385942,1.02102888409,-0.440589976577,10
10,-1.13979951681,0.208436646681,-0.227116037455,-0.612083648995,10
2,0.811898298062,0.482079849182,0.503509992618,0.389285966514,10
2,0.465491603513,-2.39469549071,0.444458290066,-0.178490784109,2
10,-0.918378947643,1.20415880506,0.962034822819,0.199233761952,10
5,-0.629264227661,-0.421099073721,1.05293275085,0.25486857033,10
10,-0.60605601852,0.802142636899,1.13418190772,0.784353460334,2
10,-1.1233494536,-0.811468543856,1.31421221729,1.67027630272,10
10,-0.995646468543,-0.698413975028,1.10622441584,-0.411669852967,2
2,0.529038666646,0.141986008311,-0.0665374135344,-0.374545073229,2
2,1.15236537779,0.469673738016,0.69946708207,-0.561772347548,2
10,-2.86126735186,-0.458787414639,0.391537286525,0.440697386504,10
10,-0.600352509112,0.437672147103,-0.672651921577,-1.42159051609,10
2,0.580843040818,-2.84715873364,0.51823527555,-0.688423048251,2
7,-0.460240256483,-4.68437312454,-0.384291749802,-1.13267383615,10
7,-0.648300232009,-2.76531812553,-0.894599724852,1.23237703179,5
10,-0.757292934965,-2.91389182138,-2.15963716007,0.824271793418,5
10,-1.34805334742,-1.52729036605,0.00101209478127,-0.699982997742,10
2,-0.709438688172,-0.558912783164,-0.224266977366,1.63050753908,2
2,1.18496137037,-2.31058188863,-2.52484847151,1.08001558492,2
10,-0.185083521417,-0.156492479329,0.037546871229,1.83983064997,2
10,-1.14236887109,0.209360079436,0.0488016008086,1.3923286295,10
10,-1.17982645795,-2.65213749306,0.551973362139,0.587326376997,10
2,-0.646339849679,0.0741400310293,0.48109290837,0.502471761704,2
10,-1.39926199926,-0.0709025775535,0.519007561065,0.823327285344,2
10,-1.61727887607,0.215569694846,0.871141846189,0.580284511174,10
10,-1.71472730147,0.492177244105,-0.0152814875266,-0.319434730054,10
10,-2.24878470081,-0.869419930196,0.56100261871,1.09914538207,10
10,-0.429899477712,-2.52926895871,-0.609201127662,0.811105029946,10
2,0.220636151509,-0.362574542607,-1.44512489075,1.38926162387,2
2,1.49531279728,-2.95610082543,-1.42594686199,0.213940250949,2
2,-0.492032072639,0.121532307722,1.36777723749,0.0783852781752,2
2,-0.428966236658,0.0161859016849,0.0740663710387,2.53164532526,2
10,-1.1464447738,0.870513948525,0.705227782246,-0.269872345647,10
2,1.3738352327,-0.824254143971,-0.701017277837,0.743880580392,2
10,-0.471500249822,-2.20139335338,-1.4492439551,-1.31289274007,10
10,-0.275011532593,-0.556448755885,-0.646175141941,1.45188308183,2
10,-0.181661588933,-0.165218493144,-1.04859509981,0.673492012183,2
10,0.0680297458772,-1.48455269405,-1.04512418015,0.798221507416,2
2,0.415542730365,0.748869669435,-0.40929775196,-0.903648905547,10
2,-0.374445134413,0.203186960598,-0.808488559202,0.128001319482,10
2,2.45246773672,0.893350451202,1.34629570337,0.46994302516,2
2,0.758318123271,-0.90839234504,1.87343445648,1.95563302094,2
2,1.36185532406,-0.341968522411,0.372379115016,0.889591187444,2
10,-2.61939730703,-0.434541975002,-0.63762870872,0.142883641134,10
2,0.703446782514,1.30391492811,1.16291602017,-0.578992438884,2
2,0.424947636131,1.09375112721,0.0919412897195,-0.639265404304,2
10,-0.0321071817241,0.704552390303,-0.00833877481393,-1.36127526131,2
10,-0.235340746349,1.23904751977,-0.155221901589,-0.88498419953,10
10,0.327508541736,0.654024641742,0.812993937791,-0.304532070096,2
10,0.348247486151,0.93535268533,0.622285755361,-0.76577634671,2
2,0.230863081357,-0.156849691626,0.33910747583,-0.19004486723,2
2,0.104157165716,-0.0267140248928,0.244434257086,-0.385135821059,2
10,0.452058332821,1.33056636037,0.245098261349,-0.674095175257,2
2,3.05065818711,-0.369750530216,-1.19338796447,-0.320187509378,2
2,1.1369189723,-1.3905910705,0.726928982067,-0.247568017354,2
2,1.68886124615,-0.340868481343,-0.571552099463,0.793825834786,2
2,0.302599947561,-0.935146269239,0.197820484538,1.64597064783,2
2,0.975436009172,1.33406891661,1.77102722362,-1.61644768408,2
10,-0.500065590372,0.518813342808,-1.14524432189,-0.328297258312,2
10,-2.96305314666,-0.111102791576,-0.30399475961,-1.45035066475,10
2,0.718340694259,0.199745656838,-1.55640534236,0.269072619279,2
2,1.02703739258,-0.269956911818,0.372101571316,-0.454705747446,2
10,-0.831760806929,-0.41317036368,0.0856830837233,0.30387552863,10
2,0.452804061557,0.49112789606,-1.20349987734,-0.173794765529,2
2,0.655839841818,0.18667494275,-0.949800417649,0.673757138183,2
2,0.404541543123,0.342538506241,0.266566035787,0.586931511396,2
10,0.989786832453,1.31114193587,-0.971328741837,-0.358346847966,2
10,-0.252610887372,-0.0733921846881,-0.759322491371,1.61560667118,10
2,0.913738984421,0.1394371869,-0.141244831217,-0.17135133626,2
10,-2.45296311263,-1.13150723851,-0.0148610604592,-0.760121201182,10
5,-0.00869951312815,-3.04610011634,-0.155726759365,1.57613529808,2
2,1.52458985958,0.810234128217,-1.70579163189,0.159096240716,2
10,-0.580832958788,0.711148873231,-0.981182876974,0.933355053435,2
2,1.17982996192,0.381554342976,-0.594094473072,-0.786913049743,2
2,-0.386392909511,-0.568157109757,-0.343807521527,-1.59100188711,2
10,0.837860692273,0.332896637047,-1.11275627014,-0.22218775262,2
10,-0.420441667313,-0.0929963536179,0.798560030815,-0.329244148298,2
2,0.914226955453,0.176425111505,1.01323599092,-0.60880751503,2
10,0.245758611997,0.0270570964324,-0.186148187933,0.336661096924,2
2,1.09733713082,0.904024000024,-1.417325991,0.622067129732,2
2,1.23847427158,0.952246116463,-1.26721749278,0.380871190826,2
2,0.855077127198,0.673181024642,-0.766483965681,-0.0792257839551,2
2,0.969348736224,0.626134775498,-0.122649096991,0.124517645981,2
10,-2.17410616018,1.27801605056,-0.512745200528,-0.0358883683788,10
10,-1.69747561955,0.711651204091,-0.660896947359,0.0781797600185,10
10,-1.27728433889,0.727280769585,-0.479829557383,0.0249367652036,10
10,-1.09971950018,0.195028439025,-1.13597553426,-0.0182310760604,10
10,-1.27957923473,0.762743429809,-1.27694765123,-0.0474806736865,10
10,-1.50405186628,1.05663687087,-1.26640950441,0.929174091365,10
10,-1.69203436096,0.615410086527,-0.618907872936,0.593887567343,10
0,-1.34602331953,-0.0142910054927,2.47882281162,-0.299770255967,10
10,-0.697905848184,0.869984720776,0.0185552658759,0.444462216317,10
2,0.697989895039,0.188566129007,0.313542924704,-0.361096655277,2
2,1.19130880767,-0.515088026892,-1.37870411411,-0.462041456905,2
10,-1.83183259107,0.30677407469,-1.13890394657,0.0219705428723,10
2,1.20068497618,0.294550879526,-1.55895505105,-0.391009702457,2
2,1.14336193243,1.06572880929,-0.603340805404,-0.671008589284,2
2,2.00816970324,0.558763714834,-0.37500569305,-1.00250360244,2
2,-0.281331779722,-0.727333928081,-0.14994571289,0.443993877575,2
2,-0.15147359135,0.379076605358,-0.272369340733,-0.48484199875,2
2,0.896715003543,0.852853001188,0.159682199115,0.2746107722,2
10,0.838454276441,1.29443129289,-0.233497458592,0.825731561484,2
10,-2.82967212676,-0.806290732429,-0.580148589665,-1.0784553093,10
2,1.65790791187,-0.0193146325435,0.376878324953,-0.444313821945,2
2,1.81286907063,0.858268237674,-1.12527423409,0.762709624376,2
2,1.83902294718,0.759307305999,-0.267990376052,-0.763971637543,2
10,-1.69403629111,-0.66941723505,-0.921444847756,-1.46163345072,10
10,-2.27856966677,-0.486579816673,0.163017842881,-0.203164576521,10
2,0.504042661308,1.03065495621,0.498355813549,-0.179178519433,2
5,-1.21644351155,1.40037196393,1.0968252199,0.846106747327,10
10,-2.73438793614,0.355328262733,-1.53041894839,-1.74464870925,10
10,-1.89170297973,-0.393446291727,-0.476233121305,-0.399181458567,10
2,0.669332312865,0.799663270863,-0.818310387614,0.727094143889,2
10,-2.32097106661,0.400305924949,-0.906561707712,-0.748449635659,10
10,-1.97192201003,0.19582032844,-0.0467558792921,0.231712985678,10
10,-2.54977935888,0.0177358840944,0.336321397932,0.51662809514,10
10,-2.05335655144,-0.404575067318,-0.0497612363087,0.185871416295,10
2,-0.582884017141,0.45584961638,0.949136110907,-0.169905100222,10
2,1.28710494006,0.730661867901,-0.541609498257,0.644050012436,2
10,-1.46393446165,-0.71490327242,-0.0971646480047,-0.551061029226,10
2,0.969379068844,0.932678169285,0.728169025058,0.219727613087,2
2,0.543089905479,0.499113803915,1.0331340994,-0.672689547435,2
2,0.72535275488,0.63378810389,0.17479617298,-0.101684855862,2
2,0.546044003983,0.470090503235,-1.03712288663,0.527883342548,2
10,0.383964359594,-0.705810603397,-0.908898808371,-0.510301049668,2
2,0.284671111,1.14858201958,-0.659773957435,0.138674615298,10
10,0.365422398448,0.108622154348,0.168858035197,1.15973780354,2
10,0.981232660372,1.18833764074,-1.42819276342,-0.341146165833,2
10,-2.48893429814,-0.879029189,-0.717920147568,-1.00402613847,10
10,-2.69599071093,-1.00070473661,-0.378858967824,-0.123664435914,10
10,-2.04839861044,-0.421693076115,-0.627393499347,-1.30402369834,10
10,0.4314327152,0.62986844342,0.198375131095,-0.334827624237,2
2,0.450119248337,0.380046855282,-0.701454505638,-0.0597003192824,2
2,1.06524959041,-0.217368741404,-0.921287841243,-0.356762962576,2
10,-2.42725631066,0.850415887072,0.251650172475,1.29680166288,10
10,1.40762776755,0.237295062549,-0.334566101443,0.555433105088,2
2,1.19966266843,0.997513016118,-0.286068386985,0.240569471938,2
2,2.48792155626,0.959849932917,-0.634287494871,0.550898090486,2
2,0.602696588319,0.340081634769,-0.244194670575,0.914683512689,2
2,1.18422108076,0.658142009987,-1.10057060074,0.31526080953,2
10,0.543824464371,0.914591636852,-0.228357567771,0.570825082034,2
5,-1.60827418961,0.613195070067,3.0596147745,2.4323841019,10
2,-0.71419524666,-0.744651218204,-0.373884193325,0.758255521162,10
2,0.310885643058,-0.260380043695,0.350378156419,1.17925196374,2
2,0.198101117527,-0.77731001118,-0.516852327272,0.396588727325,2
2,1.26413244349,1.10464088304,0.178474006192,0.184384449002,2
2,1.99223607871,0.923307925134,-1.13796949283,0.551665889938,2
2,0.995215554553,0.190386652673,-0.651945602996,0.330881041624,2
10,-2.5733703724,-0.196411253388,-1.20460308596,0.0153734643054,10
2,0.719319433386,0.608203763238,-0.71161323632,0.642375722875,2
2,0.108325731857,0.556806498705,-1.05089309197,0.815016334185,2
2,0.894195053603,1.37669444839,-0.771255402553,0.329898877756,2
10,0.450630302121,0.66046458812,-0.476407395004,0.438362423508,2
0,0.90051497217,-0.468626544619,-1.01903280276,-0.776008536942,2
10,-2.99139526314,-0.974104859877,-0.876268253453,-0.209269659558,10
10,-2.44846936623,-0.490460174603,0.529592144624,0.129145101628,10
2,0.143833232201,0.0192257841952,-0.395507183052,0.284290055746,2
2,0.156622575636,-0.224869725276,-0.780260632792,0.513821916097,2
10,-1.05219270972,-0.897492875244,1.62732700962,1.77653301981,2
10,-0.854270127063,-1.36126019727,0.165593557393,1.1505199971,10
2,-0.351719192454,1.28250838905,0.562688610537,1.04722327156,10
10,-0.641831827709,1.44847075611,0.488798237721,-1.32022788934,2
10,-1.04551550332,-0.0212614837749,0.327254307661,0.696801284829,10
2,0.0258858490738,-0.278440027234,0.644922573417,0.400867531797,2
2,-0.846943141724,0.314008889917,-0.161224119124,-1.57039261013,10
10,-1.23612079071,-0.632345343952,0.0388160068769,2.77623796397,2
2,-0.312812305973,0.358141214359,0.772632936115,-2.09261593812,2
2,-0.30759835608,-0.0449314263937,1.87771200471,0.194124802624,2
10,-1.06793047464,0.261006428108,1.28986931212,-0.18250427009,10
2,0.694516131594,-0.166878462579,2.74172696067,-0.809256842703,2
10,-0.976335142259,0.770610113925,0.143297962039,-1.3147485577,10
10,-0.492074168115,0.0737367958824,-0.454034487001,-1.30676063253,2
2,0.41211900761,-0.341593766507,-1.59990970432,1.6622597574,2
10,0.152695666661,-0.461852637193,-1.56808153083,0.461848519898,10
2,1.53535210668,0.479647906953,-0.0926296644918,0.924264374681,2
2,0.842045853506,-0.62208675033,-0.202278776982,0.46474184415,2
2,0.447935786126,0.464505856088,-0.496402975081,0.231706100477,2
2,0.308971115368,-3.45985807212,0.35208604416,0.030680790192,2
2,2.50494758454,-1.89180941919,-0.47588568842,-1.07720395261,2
2,1.19855088192,-0.0146453891471,-0.803344391194,0.555817869227,2
2,0.784683134473,1.36149903484,-0.712417164744,1.48083416599,2
10,-0.376607006353,-1.6404314955,-0.694894659714,-0.730532001577,10
2,-0.864325261041,-1.04685656403,-1.06997080731,0.901409083255,10
2,-0.340070153273,-0.378435389836,-0.415764493645,1.90389053305,2
2,-0.60812400507,0.204346499844,0.505282960202,-0.0951224471088,10
2,0.48676323556,-0.00408620848908,-0.0352081223885,-0.884011169506,2
2,-0.383797806479,1.76453487414,-0.415593025518,-0.330820562624,10
2,0.845774029904,0.727744911899,-1.21403630984,1.04653035586,2
2,2.3338672201,-0.0697345354766,1.52899463182,-0.0222805470125,2
2,0.560450325202,0.0581880350798,-0.593155347523,-0.641760311288,2
10,-0.313490715062,0.609130406733,0.418354180573,0.230495653395,10
10,-0.490954132343,0.786340154173,-0.806295837157,0.189811467003,2
10,-3.41998505732,2.05791587495,-0.619368579038,-0.760989612569,10
10,-2.07207213148,-0.989699697453,-1.95704086565,1.58865711717,10
10,-1.9817140331,0.277989950896,-0.294975604344,0.120836179374,10
10,-2.34144572148,0.16215170706,-1.27439391572,0.970659342843,10
2,0.902463103298,0.336796012905,-0.00519681575859,-0.158023373738,2
0,0.413825865401,0.0999720307399,1.00126960732,0.276948927263,2
2,0.189438775363,1.03899229086,-0.766297052356,0.0597707013074,10
2,1.91754620361,0.812005286633,0.942659902812,-0.596708667256,2
2,-0.0897734894499,0.422140456319,-0.773930230702,0.404946565896,2
2,0.655920292709,1.12098126423,-0.578724396201,0.432251001941,2
10,-0.712087218176,-0.793622697315,-0.564969368821,2.00176956035,10
5,-0.829440996894,-0.0295783999433,-0.321621450334,3.08235433927,10
5,-0.871503957849,-0.869166210365,0.993997484404,1.56583056148,10
10,-0.63940523961,0.540993204597,1.44429421519,0.43735127248,2
2,0.118261823792,-0.0726511516132,0.344357043372,1.4256431007,2
2,0.877956793982,0.201116236257,0.0709950651214,-0.181427780366,2
2,0.903709392198,1.30259805689,-0.408366324751,1.07743584228,2
2,0.978123976157,-0.603551546231,-0.168404466909,1.46412854533,2
2,0.78727581206,0.336402961948,-0.176413365895,-0.0790571445297,2
2,1.01627974949,0.689887197609,-0.968179447406,-0.510445015708,2
2,0.740700753397,0.57948962823,-0.45641110628,-0.426669251701,2
2,1.1631604949,1.3234122986,-0.109154629466,1.38584449845,2
2,1.69572639943,1.19959883891,-0.379216857008,1.07649736112,2
2,1.85625081068,0.374461840666,-0.0841175975418,1.60928676948,2
2,1.02601529281,0.604985677624,-0.355315357457,0.0602582354471,2
2,1.13531341695,0.82839051983,-1.18152719818,-0.765617493573,2
2,0.789764355587,-0.250287216544,-0.764588982156,-0.0903274606029,2
10,-0.640180191956,-0.225115402522,0.853933864124,-0.0768348563931,2
2,1.00045816598,-0.352643337616,-0.453019205671,-0.625936684157,2
10,-1.42070641942,-0.289515692604,1.02465027388,0.686581889858,10
10,-1.96647685239,-1.60523294407,-1.29992020576,0.772382775329,10
10,-2.11158713255,-0.14532996833,0.882495977686,-1.2090938987,10
10,-1.80986190556,-0.366344623773,1.06120108937,-0.117617303105,10
2,0.985249857028,0.00450251597918,-0.185169177759,1.10923569606,2
10,-2.64025034613,-0.22891340053,0.472787694634,0.984127059318,10
10,-2.99038324704,0.0998089257466,0.806304772873,-0.831646247651,10
10,-2.91669297583,-1.22607462915,0.835337363351,-0.980598923424,10
2,1.23062664067,0.343594440528,1.62635759082,0.883413893152,2
2,1.26608358943,0.279657581394,0.224962587661,-0.112577031111,2
10,-1.63276151611,-1.23839126477,0.382622262052,0.00780564070877,10
10,-3.7068871829,0.218397810504,1.47782552197,0.301804538254,10
10,-1.30637666656,-0.683194820445,-0.865354681391,-1.31796566963,10
10,-2.16426709385,0.395927577801,-1.97913178179,-0.565354757994,10
10,-2.68371736649,-0.173336997969,-1.25655430047,-0.758832331326,10
10,-2.30573456531,0.435102034257,-1.20385599588,-0.272531269587,10
10,-2.76102247026,0.445710191076,-1.90987593705,-0.131709263692,10
10,-2.50380253624,0.466994883306,-0.994907559127,0.440653830421,10
2,0.521903905672,0.321320346482,-0.423996429156,-0.848016421952,10
2,0.335160919335,-0.49662063306,-1.20682009301,0.945895021434,2
10,-2.30562988447,0.0259440674869,-0.793926542736,0.177190706718,10
0,-0.515123571026,-1.02614796031,0.0124797133309,-0.0825544519537,2
2,-0.254234367042,1.70080909869,0.00362871397608,-1.03104288863,10
2,0.874017982832,0.168894935729,-0.76129628066,0.0342017101358,2
10,-1.32711567053,-1.3368351766,-0.954611695676,0.730565059727,10
0,-0.255204329932,-1.58767239323,1.43490254797,-0.400755721994,2
10,0.107254948443,-1.38632250953,-0.013701244739,-0.12524888756,2
2,-0.336586353038,0.296704457686,-0.549556488299,0.0340811125144,2
2,0.812246889384,0.0347216125949,-0.125965159437,0.348139112986,2
2,0.439606965595,0.1750762665,-0.492149829262,-0.0880987986913,2
2,1.07899418698,-0.0651548950082,-0.0438968880451,1.54457202041,2
2,1.11897765474,0.0593352850153,0.382415073283,1.84809661275,2
2,1.07517113487,0.589657775795,-0.0553494337842,0.809394369333,2
2,1.05938677208,0.976152668892,-0.603473881902,-0.935411745803,2
2,0.75446907809,0.446368572925,-0.220966129825,1.28741513211,2
2,0.712138596996,0.439954747325,-0.456708796769,0.466707747736,2
2,1.1724854057,0.686181046647,-0.9326399671,-0.735315135039,2
10,-0.00563035258153,1.28910800327,-0.800362891255,0.771431620645,10
10,-1.58956562563,0.56335273981,-0.392202338886,1.15595506449,10
2,0.973398211341,-0.632249360437,-2.20962539298,0.79947921262,2
2,-0.293519525716,1.19545034903,0.778119382263,-0.0156053034526,2
2,0.521707816427,0.287435580592,-0.426371469593,0.327775464414,2
2,1.26878459945,0.797875662373,-1.22431145703,0.724658652091,2
10,0.154630950879,1.606172665,-0.698487060971,-0.159758995962,10
7,-1.02423180663,-5.28918229207,-3.22409463815,0.6357494233,5
2,-0.413603623803,-0.414510943621,-0.357551942184,-1.35971802009,2
10,-0.722635940178,-1.13966241321,-0.328615358891,-1.05730669887,2
10,-1.36039196765,1.19752426816,-0.53313886264,0.860870628082,10
0,-1.86052574102,1.25213660401,2.79426622843,-0.723839100942,10
10,-2.40654714995,0.68472973331,-1.4493687983,-0.867377116077,10
7,-1.42209779817,-4.21450646389,-0.671501774479,0.00161820465285,10
10,-1.26705933729,-0.154243583313,-1.98598338336,-1.09640591151,10
0,-0.0683776387437,-0.711349888053,-0.105670434447,-1.2292494722,2
10,-1.07116098654,-1.03527174318,-0.756572207614,3.85370303701,10
10,-0.832829218043,-1.62890402515,-0.690385905075,-1.11282248852,2
10,-1.36100888638,0.606908446654,-0.283116593303,-0.0313840078536,10
5,-1.09748359275,0.0970631209122,1.33315789328,0.423582916324,10
10,-1.13835231913,-0.111281427438,0.24621908898,-0.786635894509,10
10,-0.922027924855,-1.02243373582,0.38513305271,-0.12911124679,10
10,-3.41845061566,0.735887054426,0.350519497405,-0.194523053515,10
10,-4.20216524336,2.32507735465,-1.10371179025,0.239540537084,10
10,-3.02131621588,0.55540133122,-0.831165171302,-0.682342664034,10
10,-3.34334576946,0.527293256398,-0.625489850818,-0.280591056011,10
10,-3.67907212185,1.07339337896,0.0376291004929,-0.354506502239,10
10,-3.09291437423,0.250413468081,0.0415144518195,-0.822559958482,10
10,-3.36400863387,-0.00845954602643,-1.04174570484,0.411131631253,10
10,-3.23070629162,-0.541647408442,0.643198697409,0.905436826016,10
10,-0.709319851419,0.282548482662,0.369597587717,-0.893504623267,10
10,-3.46249871983,-0.909245754851,0.24106434719,0.570023979462,10
10,-3.7794910186,1.36817697471,1.38132205204,1.0860657384,10
10,-1.97965854162,0.791565189245,-1.54161911139,-0.279060429761,10
10,-2.98089190273,0.571460755218,0.866460818004,-0.0564801267246,10
10,-5.31461678729,1.29537964793,0.418882083583,0.305866434369,10
10,-3.03684514422,0.559149539652,0.537977366062,-0.917755794547,10
10,-2.2398183571,-2.00116944557,-4.03954493008,0.098962651773,10
10,-1.97202854798,-0.0546953330489,-1.00875296314,0.672300096775,10
10,-2.10412767785,-0.334191167751,0.494907961027,-0.299931467145,10
10,-0.821938963454,-0.408729002571,-2.33935707092,1.26417951991,10
10,-2.3633559323,0.0363609908092,-1.15674912258,-0.397855980639,10
10,-2.05277011958,0.212836484772,-0.823885002897,-1.20706607311,10
10,-4.69194973752,2.33500372244,-1.27810797233,-1.57591361849,10
10,-3.62737199201,1.34986699573,0.696346829839,-0.874270754087,10
10,-2.96058217026,0.559250010027,0.306813739905,-0.779093609275,10
10,-2.62266630931,0.649198187446,0.340022679981,-1.07177932886,10
10,-2.18059411207,-0.696173319567,1.14610537052,-0.275854481555,10
2,1.33042238399,1.00950298398,0.475420178848,-0.11487776738,2
10,-0.240488109299,-0.599632428629,-1.57958438544,-1.46123737648,2
2,0.753451414557,-0.307396096755,-0.809632060848,-0.0567911567968,2
2,1.59840556104,-1.00353775951,0.0640171535285,-0.722735655666,2
2,1.26038200911,-0.069922941625,-0.352988246765,-0.520906847223,2
2,1.07676552929,0.408349630316,-1.26823256746,1.07801063399,2
2,1.74834244018,0.757733438895,0.788940277998,0.518562085725,2
2,1.17827030168,-0.0997720342886,-0.640112306204,0.323585748093,2
2,-0.670768402095,-1.59658176993,0.142547552081,-0.955690868164,2
2,0.969355014435,-0.423661282458,0.773534576577,-0.341156346963,2
7,0.325891788753,-3.05108175463,-1.60190502026,0.090624383286,2
2,0.154518156869,-0.243323040688,-0.449393104066,-0.0129755479535,2
2,1.7992259071,1.77909569001,-0.666707273345,1.49360288974,2
10,0.162220904475,-0.000557159513588,0.634363364139,-0.254717073109,2
10,-0.621848298562,-1.90106988457,1.23139699331,0.333317177879,10
10,-1.01242448444,-0.787421937006,1.23006639911,-1.2929595925,10
10,-1.91810823821,1.39828686724,1.80424484203,-1.05148630237,10
10,-1.94284462243,-0.0961513621277,0.361476264207,-0.498704195043,10
10,-0.875068594106,-0.835934554573,0.762476999415,-1.63653280385,10
10,-2.47765655343,-0.758837556449,-0.0442542568697,-1.67745259936,10
10,-3.1471957614,-0.523120246845,0.17622393883,-1.21948386313,10
10,-2.40171159389,0.777982764358,-1.38813875823,-1.37543347136,10
10,-2.17461700651,0.0709777164456,-1.21553413233,0.453976562213,10
10,-1.35472180337,1.85913283747,-0.443028763675,-1.40656344941,10
10,-2.01949530369,0.373876729008,0.180215312376,0.0239318297218,10
10,-0.906252182659,-0.891174064938,0.511678200186,-0.172497149578,10
2,1.58769297152,0.0431625893821,1.15169208966,-0.546555525114,2
0,0.723843706194,-2.15073213041,4.06540002103,-1.74363449128,2
10,-0.34755781209,-0.210142590039,1.46535464414,1.11572899542,2
0,-0.786333731477,-0.696439318292,2.11230208215,-0.440769187154,10
2,5.68765147141,-1.36376474554,-0.354647613289,-1.08699392397,2
2,1.74205248936,-0.0872717941775,1.0951868662,-1.04370945727,2
2,3.96535824496,-1.31544387336,0.0195552968656,-1.58571879744,2
2,0.245121320937,0.589711464172,0.654319465727,0.11241114095,2
7,-0.376880195433,-5.10917462219,-0.434335745456,0.638204482674,10
10,-1.46572375638,1.18846151485,2.09154273397,-0.49630841479,10
10,-0.720260576413,-1.9156424101,0.182399026153,-0.125585794694,2
2,0.0830826589828,-0.749176753724,0.0492485714284,-1.16446404245,2
2,-0.0303249401112,-0.703474670229,0.887466760529,-1.03404198437,2
2,0.0266195956882,-0.690844278306,0.040327764564,-0.837138391367,2
10,-0.980452873174,-1.80192197547,1.87982958301,-0.732903543337,10
2,-1.15166047391,-1.12553814664,1.64145365472,-0.303419114514,10
10,-0.8189123264,-1.3165887736,0.958219652178,-0.436255559574,10
10,-1.01973441404,-0.00733761749373,-2.07484004934,-2.54001343733,2
2,0.415713130055,-0.49974330177,-0.633274356578,-3.06591130611,2
10,-1.25212812698,0.272153872992,1.25391955457,-1.29692749896,2
0,-2.44566412247,-0.249918585865,2.10021887286,-2.85795081891,10
10,-0.962917820972,1.39094296078,2.47546551178,-0.0418643924658,10
10,-0.588789542101,-0.263144349105,-0.670370009577,-2.43798442924,2
0,0.398419100332,-0.887642133598,-0.181398311674,-3.70414784086,2
2,0.0887820020953,-1.71074231199,-1.75123307494,-2.52474144292,2
2,0.175343171198,-2.83506712858,0.471444415102,-0.105049842724,2
7,-0.486148513699,-5.4713216178,-1.84068524067,0.384334924915,10
2,0.0291841691762,-1.62273347066,-0.337223298176,1.74754552967,2
2,0.158612060301,-0.586565893051,-0.762925779426,-0.391806484157,2
2,1.6969815544,3.7323719905,1.55462764195,-0.0135901403802,2
10,0.37670791512,0.414130393095,-0.613285159706,1.64883591912,2
2,-0.839115338861,-0.802777461814,-1.51432635748,-3.9905749326,10
5,-1.02352144415,-3.03623262998,5.12655169001,5.66617832878,10
5,-0.927232929195,-1.72674076882,0.520701748683,4.90400083699,0
2,0.216318070164,-3.728073574,-0.443696379566,0.167358062099,2
10,-1.52650117428,-2.50528558685,0.385287118718,-1.35584074082,10
0,-0.855521576026,0.0119979450093,2.76970006824,0.0355064863217,10
10,-2.04057466402,-0.493309279097,-0.403764012998,-1.64240897494,10
10,-2.2311399606,-0.483720386532,1.18612778343,0.195134033074,10
10,-2.04394468105,1.14358374567,-0.397545046305,-1.5198821353,10
10,-1.87001933178,-0.918717856789,1.93684828399,0.729002452315,10
2,-0.0860541699563,-1.36143092881,-1.19190731933,-0.310688933984,2
10,-2.29926357316,-0.715511436038,1.5799343973,0.254546132217,10
10,-1.63551466261,-0.207001092917,1.97467969587,1.49385831138,10
10,-2.3335384576,-0.103271980037,0.564310355336,-0.548474549681,10
10,-1.80042444241,1.01444465173,1.90247708178,1.57482971582,10
2,0.294587317722,-0.849427840507,-0.184781953182,-0.601739204922,2
2,0.401291897959,-0.247166031481,0.757713939971,0.0944884013573,2
2,2.87848300908,2.32799109921,1.90207757072,-1.72669799599,2
2,0.528319840109,-0.99302619063,1.48067369137,0.402990377174,2
2,1.06456196595,0.579446510887,0.806944544686,0.113584075071,2
0,-0.697769209732,-0.552412336826,4.47989574896,-3.90447716933,10
2,0.706921761183,0.127795112515,0.366771004624,-1.77315415543,2
2,0.993861525046,-1.67387012131,-0.424290612805,-1.17659708213,2
2,0.943779622149,0.749932542725,0.225716389919,0.749477973977,2
2,2.45747319759,1.95557331224,-3.55248708012,0.871233940267,2
10,0.615729798246,0.320032967703,-0.400068440612,-0.590559198667,2
2,0.833492386289,0.758599004559,1.63107132272,1.81225106992,2
10,-0.563346685329,0.759930423181,-0.154613230689,-0.692965931026,2
5,-1.32608533247,-2.30962473735,1.1896032371,2.86176794732,10
2,0.582785669645,0.276286066809,-0.899202410851,1.32219627021,2
2,0.651922434126,-0.927464408683,-0.223347705678,-1.44599583253,2
2,-0.974045087558,-0.714900486096,-1.77725405085,0.118320224566,10
2,0.83853409901,-0.321362560255,-2.37974490442,0.307913464503,2
10,-2.74662429539,0.395356414639,-0.39963128144,-0.205153840236,10
10,-1.14617239544,-0.80366694348,-0.0403136049184,-2.33724587374,10
2,1.08654236885,-0.772113760904,-0.442644025595,-0.251212247645,2
2,0.851738191649,-0.882824729182,-0.0567739607418,1.33315843361,2
2,1.10313348072,1.00127981073,-0.222783308333,-0.144608086767,2
2,2.33236679308,0.347534417517,-1.23749174661,0.506197023533,2
2,0.976085402147,-0.239878707884,0.593798876187,0.929089407074,2
2,2.50340895351,0.575835427477,1.07818664626,1.58354608993,2
10,-2.4955099214,0.472618996656,-2.17802421744,-0.51236589125,10
10,-1.10214471031,0.291504989824,-0.335673227315,-0.453256450357,10
10,-2.50437571922,-0.169275866169,-0.715790118673,-0.91086977654,10
2,2.96704009571,-0.27851692442,-2.93430319916,-0.809758401506,2
10,-1.35908992152,-0.970456798666,-0.272754476578,-2.46776604998,10
10,-2.44239861827,-0.273993345078,-0.384017920438,-0.125740401233,10
10,-2.8625296583,0.196119952132,0.0360507594136,-0.961725920314,10
10,-2.05177788548,0.358582221784,0.993074737403,0.152128617992,10
10,-1.70862217837,0.6337856104,-0.418527116973,-0.507437115668,10
2,-0.775987450051,-1.79372640524,0.469477257395,-1.29171274862,10
0,-1.24777182458,-1.61796862678,3.15293169514,-1.29149276303,10
0,0.451202339072,-6.64155666432,4.05320361658,-6.24828513313,2
7,1.16829303467,-18.5054046177,-9.23925548959,-1.96438930571,5
0,-1.12289456167,-0.765324965157,1.56419658872,0.106651619016,10
2,0.295499936756,-0.434905034245,1.24166874523,-2.95313944091,2
10,-0.00808602518929,-0.349485727203,0.00965869216444,-0.49632431519,2
10,-1.61755787908,-0.326099949116,0.214146462758,-1.56409649273,10
7,0.107264906188,-4.51741715292,-0.148821291701,-0.974304355439,10
10,-1.83297358671,-0.255188061492,0.287983490567,-0.529867270719,10
2,0.168649811119,-0.718713612012,1.75881161917,-1.43621148736,2
10,-1.34045126254,1.63429575308,-0.034038004953,-3.19794651552,10
10,-2.05627936333,-0.500926315686,0.506266674901,-1.50089474518,10
10,-2.1905051239,-0.0968806309786,0.100477153611,0.24842681912,10
2,0.0280724575075,-0.924747330815,2.42683767161,-1.44046193735,2
10,-2.17033136998,0.00132194638073,-0.67822970122,-1.31247062664,10
10,-2.75669944626,0.069328661947,-1.26218815672,-1.61381850474,10
10,-2.6706677002,0.46116210223,-1.40275144685,-1.79837945324,10
10,-0.588773768035,-1.13608575631,1.60854251497,-3.0544424811,10
2,0.0428863771656,-0.511392972897,0.0749507513518,-0.817491237814,2
10,-0.480436673872,0.723301580775,0.545033447769,-1.40076587494,2
10,0.184094167449,-0.394855485147,0.517847082584,-0.484042861204,2
2,1.13520283835,-0.303001434796,-0.110485033737,-0.0795490314115,2
10,-0.245641678108,0.0597861307099,0.607772792994,-0.156697679777,2
10,-0.21959328792,0.196534642129,0.634160523386,0.044975501479,2
2,2.05547365025,0.309054660122,-0.223206490712,-0.209355156734,2
2,1.175382444,-0.508664173839,1.16203152132,0.0559755080706,2
2,0.441932800511,-0.158147745512,0.509433055102,0.0635023515791,2
2,1.77409157897,2.7643718782,-1.01234616698,-1.49121220973,2
10,-0.582742295907,0.333802976275,-0.482076251514,-0.117866813843,10
10,-1.40241776963,-2.78157353433,1.92828264114,0.933381439178,10
2,0.279226218363,-1.24189223554,0.251483168596,-0.594356821205,2
0,0.335021268504,-0.968848211934,1.3311516166,-1.4343505686,2
2,0.178583471778,-1.20614857221,0.591073269851,0.409846559444,2
10,-1.8918454835,0.758321053597,-1.44325193257,-2.08412179138,10
10,-0.870706006832,-0.688378346852,0.648982822886,-1.77167888223,10
2,1.15292010679,-0.355988586677,1.27327080897,0.623763218152,2
2,0.595832386517,-0.530453679263,0.802285070459,-0.664831572305,2
2,0.928548737227,0.0496918059599,0.621099641094,0.339733643913,2
2,1.16006539388,-0.633252991254,0.0172228337543,-0.937401440974,2
10,-1.11734372595,-0.155688355084,-0.430326835522,-0.0522116711732,10
2,1.15909470822,-0.760820183686,0.542323949467,-0.731742857767,2
2,0.730517632518,1.27084942979,-0.556246427145,-0.484142834165,2
2,1.18144766302,1.0964409406,-1.28456095401,-0.250416779802,2
7,0.449549494568,-3.72505138418,0.319990826724,1.69632205099,2
2,-0.31327366441,-1.08402351267,-0.919317281811,-1.74431490313,2
10,-1.42940018538,-0.777768619493,-0.508788655392,0.102792003811,10
10,1.12292605001,-0.354477354065,0.731712942312,-0.440786137847,2
2,1.12990242404,0.382663577386,-0.546408452359,-0.851746355811,2
2,0.153142951639,0.689332113623,-0.669939582936,-1.22119995348,2
10,-1.28941254055,-0.145427266594,-1.01990788802,-0.873672119984,10
2,0.71674816024,-0.231600193395,0.403370573904,-1.68606436624,2
10,-0.0146954918994,0.461282462247,-0.030988594996,-1.07502750187,2
10,0.914558447129,1.55664021422,-0.0189517832464,-0.162615521881,2
2,-0.00734124259788,0.109652580816,-0.277071407988,-1.8600047226,2
10,-2.48183777162,-2.06990307397,0.288756874097,0.207299798194,10
10,-4.32325052373,0.736887464232,-0.00258252673856,-1.1610716207,10
10,0.0853389233517,-0.0309531186067,1.09471741319,0.300432662948,2
2,1.46751494533,1.19498932314,0.860142134461,-0.239206640982,2
2,4.71040030508e-05,-0.64614034152,0.504798064768,0.872121542598,2
10,0.883771930355,0.984257210264,0.184799587242,-0.857163177382,2
2,1.95051679996,-0.917167611717,1.75958336454,-0.0313909665403,2
2,0.290905082168,-0.386875060563,0.0993123125761,-1.19662176414,2
2,1.52697826169,-0.372497772055,0.922632318135,-1.47841399513,2
2,0.915351377412,-0.400415707773,0.734207150479,0.798713572404,2
10,-0.319117212299,-0.631416016146,2.54325583781,-2.15152654744,2
0,0.204679733911,-0.383300267611,2.86073898533,-2.52073101117,2
2,1.48584671195,-0.130185231927,0.905906502096,0.00700487985698,2
2,0.923970542836,0.428863711026,-0.618589027287,1.55220937458,2
10,-1.09772198506,0.212437748191,0.412728604245,-1.26173895059,10
2,1.1665843131,0.302849267712,0.49690329604,0.302595883352,2
2,1.25204578042,1.17872385884,1.28799559045,0.896136622532,2
2,0.791929534664,-0.399270855891,1.51980577891,-0.59789789473,2
2,1.05256718939,-0.423454876515,0.200696640934,-0.482516026958,2
2,1.00897632439,0.0592247278332,0.472151492574,-0.257588615406,2
2,0.805163099924,-0.337403276221,0.326973965007,0.123093332245,2
10,-1.24657452628,-0.800803758511,-0.00744047402482,0.366762386681,10
10,0.0974419018627,-0.479696894511,-0.645584553413,-0.211550622563,2
0,-0.707920919918,-1.45676201534,1.41674284959,-0.685547823094,10
2,-0.153461409927,-2.08172744224,0.983744708292,-2.36429310269,2
2,0.386640054983,-0.155015507705,-1.39826611189,-0.504369007771,2
0,-0.9636465733,-1.21330375089,0.769791375414,-0.732030537885,10
0,-1.5431542647,-1.05050433903,1.11363394235,-1.40162979279,10
10,-2.09351433417,0.311725660297,0.803621316357,0.432304648266,10
2,0.903891066469,0.973001592655,1.48492050111,-1.5348467804,2
2,1.43023554761,0.416355091973,-0.630197414523,-1.48267014333,2
10,-1.88403094558,-0.525040909675,-0.490827508771,-0.429945740299,10
10,-1.23121771241,0.498408874058,0.886043578993,-0.771237577184,2
2,1.16298678009,0.359240678276,0.140315557107,0.134611777096,2
2,1.42186150391,0.14243627571,1.11847769621,-1.13212164385,2
2,1.35462246023,0.389848091894,0.982763594696,-0.880437501953,2
2,-0.437901179537,0.0283109683275,2.66941898069,-2.24564737053,2
2,0.792265621016,-1.55368411274,0.8150580915,0.114822803506,2
2,1.18240799343,0.975004508391,0.0615438745812,-0.796473715859,2
7,0.0897484005493,-3.23607078723,0.243292040348,-0.0413711812451,10
2,-0.127466507851,0.126284317478,0.721468012961,0.464674853497,2
2,0.147513664705,-0.969151813389,1.20231855001,0.373713507629,2
2,-1.26036782502,-0.560098287827,-0.20947232421,-0.961035835123,10
2,0.923094731051,-0.16365064804,0.0573528924993,0.19622033481,2
0,-0.362380090589,-1.97665409497,2.51886509805,-2.37687616981,2
2,0.0254084604908,-1.65698940349,1.78803588724,-1.66419625525,2
2,0.389335869516,-1.45677139587,-0.44934661417,-1.21717583643,2
2,0.110470810561,-0.394959987051,1.67981064028,-1.83586152397,2
0,0.110816293344,-1.1286044237,1.54940109484,-0.631074920139,2
2,1.96989810773,1.15818161009,0.0526574085935,0.879524909145,2
2,1.26681806982,-0.0535297552139,-1.19439898,1.43740017917,2
2,2.97678818089,-0.636964880105,1.2627071042,-1.04174957818,2
2,2.95565414178,-1.32447128385,-0.147814644551,1.46304119826,2
2,2.25797120396,0.573545971059,-0.301506031035,-0.809043027779,2
2,1.31636111646,-0.364229656449,-0.0702496585508,0.145426840835,2
2,2.28601268934,1.50405857168,-2.60406013596,-2.02222664169,2
2,2.534699352,0.221953614596,-1.74480211488,0.103103435514,2
2,2.75538728059,0.316514793688,-1.41694969406,0.797471837788,2
2,0.755970399951,0.410370706024,1.9065703411,-0.0204953241778,2
2,0.784887310777,-1.05768424694,-2.70353325866,0.972005450661,2
2,0.508138209973,1.18149262731,1.93292319889,-2.30951075938,2
2,1.37177335282,-0.627417389543,2.10795513294,-2.94105331582,2
2,1.57074929845,0.802039081647,0.0231436967787,1.53061000258,2
2,2.18396743153,0.610515131716,-0.643711475499,-1.20250558213,2
2,2.90646532292,1.36109000601,1.72178066704,-0.930405338138,2
2,2.52817002083,-2.38898517319,-0.761399025172,-1.42721136304,2
2,1.80970249504,-0.073572716214,0.616235321007,-1.95334939023,2
2,3.00972381056,-1.24644894128,0.312003538463,0.292234522355,2
2,1.31497997672,0.622956437263,-0.211275579647,0.214594607047,2
2,1.32554183682,1.25921761763,-0.758409066983,-0.236127224045,2
2,1.40501745864,1.90862440652,-2.25401755486,2.37707261811,2
2,1.21516473402,-0.703803105138,-1.02821812191,0.656187059243,2
2,1.40780589383,0.132660959914,-0.296918006746,1.06242708391,2
2,1.53326224957,-1.11589864781,-1.42459577581,-1.44459719476,2
2,1.07533107492,0.933501832472,-0.341514618087,0.776822770438,2
2,0.921805058162,-0.698160391044,-1.86936842549,-0.407236070017,2
2,1.48244607184,-0.466568376415,-0.531534479868,-0.391396343549,2
2,0.174175207988,0.0304133115396,-0.570661543749,-0.0471107084799,2
2,0.899759158703,-0.558918093665,-0.201587953471,-3.07055397076,2
2,1.56185707352,-3.53475593151,-0.46565717516,2.18599889262,2
2,-1.25804121317,-0.527614567737,2.35781994766,0.122396567764,10
10,-3.69547721011,2.85142573807,-1.95709890734,1.12185946109,10
10,-4.02356603933,2.06203479942,-1.08167332514,-1.64540092643,10
10,-2.46652244237,-1.98219740809,-3.06379502824,-1.69515594239,10
2,1.31756461607,1.43566138584,-2.19431566258,0.554290738904,2
5,-0.127818942004,-1.30748036957,1.07744677952,2.84452922385,2
10,2.14185727381,0.929355396964,-0.21603900853,-0.196395733843,2
2,0.608350747646,0.514816073507,-0.303478387012,1.03995963764,2
2,1.06787179157,-1.34426057895,-0.468600007596,0.186481065176,2
2,1.39586834552,0.88279572221,0.0211941530498,-0.855396904664,2
10,0.585335019948,0.545555175218,0.267575641469,1.07405070803,2
10,-0.00838162708245,-0.250452289926,0.0985909719369,0.142272897562,2
2,0.714277618468,0.166564378425,-0.159795045815,0.51818074578,2
2,1.67654810282,0.244933616836,2.41806298115,-0.245911652684,2
2,0.747356201808,-0.137249907277,-0.665567059793,0.0980165690833,2
2,0.181796896045,-0.0626043965536,0.0108830890661,-0.0881872408948,2
2,0.321165532621,-0.212133800074,0.173012724368,0.981070817936,2
10,0.497210684335,-0.228141586543,-0.393010632763,0.7177402737,2
5,0.822491187176,0.396154042475,0.334474752886,0.34567895464,2
2,0.358313203248,0.261162935674,0.28312303001,0.909680308472,2
10,-2.68183701372,1.1456297658,-0.18316667978,0.457003770844,10
2,0.444285313785,-0.205248429398,0.42078802486,0.36235578407,10
10,-1.14536676771,-0.407104866432,1.16313082532,-1.01748932265,10
5,1.06440061595,-0.784132867621,-0.167617485107,0.279725058149,2
2,0.691413907625,0.210244973681,0.176380728945,0.848189050731,2
10,-0.16249458787,0.0894354471789,0.548000527711,0.505423638135,2
2,1.45500503953,0.24254015263,0.527313217134,-0.502587500594,2
2,1.81433674228,0.0573467422934,1.75988167,-0.724832234407,2
2,1.39770061357,-0.258412995635,0.739004745868,-0.02843196655,2
2,0.821811103449,0.811922287203,0.920943074371,0.209333003603,2
2,0.813643376349,1.53021663358,1.98392777445,-2.00245903091,2
2,0.75408856905,1.59937051398,1.30995895523,-0.157442676691,2
2,1.36681103376,-1.08327078187,-1.75918010491,-1.53582785145,2
2,1.77160190155,0.905091873196,1.432798284,-0.953234709157,2
2,1.67007706286,0.601034453706,-0.461974951854,-0.517880229658,2
2,1.60459020286,0.587317449877,-0.557244563724,0.390366401671,2
2,2.22079186018,0.128038471609,2.48880648458,-0.304525066244,2
2,0.460757113062,-3.09360779695,0.602081581373,-1.40757432946,2
10,-0.860545266201,0.289458032811,1.35629123453,-3.20083011305,2
10,0.621740820355,0.238848969063,-2.54367174453,0.415052526037,2
2,-0.382005427618,-0.447526741295,1.19877843871,-1.43477218694,2
2,-0.382838999583,-1.7773231249,-0.278675796085,1.01863920845,10
10,0.0472744500981,-1.0889495065,0.875065879238,-0.484547654266,2
2,0.875399680536,-0.221551524906,-0.929484385454,0.0287702296901,2
2,0.423195374519,-1.46048916099,2.68973765516,-3.26018312704,2
0,0.133544397119,-1.2819431257,3.73890679015,-3.38982865257,2
2,0.322789051662,1.50134311529,2.07243112139,-0.906154348026,2
10,-0.271024424151,-0.738372382225,4.00252732815,-2.96531901531,10
2,0.371254886998,-1.55413341215,0.90775208987,0.494562763724,2
10,0.227861539846,-0.901348457223,-0.5776629499,-1.1445403787,2
2,0.541521322648,-2.32538310873,2.51596781998,-2.69192923929,2
2,0.373457706048,0.073478212979,2.25164427025,-0.868977215366,2
0,0.593558137979,-1.33692599912,1.45370789739,-4.04972713525,2
10,1.31044319983,-0.682295831567,1.43288038132,0.27411879013,2
2,0.924060850454,-0.546150392113,2.64453515671,-1.62007002716,2
2,1.70166486468,-1.11832324787,0.423584073628,-1.85027580746,2
2,1.254056917,3.36968646639,1.98913246848,2.08700120516,2
2,0.814095871509,-0.400788902258,1.2857805826,-1.09326178492,2
0,0.980610529428,-3.50358660054,1.56841206451,-2.33162411987,2
2,0.756651899011,-0.758781329876,1.15554216735,-2.65678213062,2
0,0.655905059374,-2.07760659056,2.96309951586,-2.19591132632,10
0,0.927101464677,-1.57700525536,4.23199772353,-2.65464200753,2
10,1.39735357039,-1.05093237534,0.699485641408,-0.385977323828,2
2,2.20058849364,0.554150043382,1.02270597564,-0.0873707815382,2
2,1.98161047722,-0.0968000406409,1.93714523868,-1.93663146744,2
10,1.23818055682,1.39323800963,0.518091299361,-1.38364647435,2
10,0.945688629992,0.830606874686,1.97988509247,-0.708686995429,2
2,0.407731215467,-0.422179991756,1.1251990758,-1.078604268,2
2,1.21377560947,-0.595067924757,-0.358873952821,-1.57311614765,2
0,0.650733771506,-1.06698131726,4.48310100402,-3.294396623,2
2,-0.136596038888,-1.03213450758,1.41280495117,-0.398846225223,10
2,1.71541196983,0.0685839768761,1.22211763721,-0.32437062283,2
2,1.83364658687,-0.585028089439,0.42124674254,-1.98286341664,2
2,1.79916334933,0.559591513251,-0.7175094912,0.788627453662,2
2,1.34746579446,0.718032704216,1.4193337998,-0.853800315691,2
2,0.742047558205,0.286411987678,0.638905665639,-0.473667622974,2
2,0.904217428438,1.24480941206,1.08804709751,-1.21299046504,2
2,0.53196793058,-0.329639244897,2.48946059112,-0.744013682595,2
2,1.54112678681,-0.0341862943579,0.992093104525,-0.675968530126,2
2,0.931938011277,-1.26512373033,1.22816106533,0.235529362283,2
2,1.97000159022,-0.000117681312331,1.34903501584,-0.495251439508,2
2,1.65858538071,-0.465694142158,-1.27374199738,-0.771457430043,2
2,1.35761330063,0.36336424187,0.15406489268,-0.496228836154,2
2,1.72999512215,-0.39320941437,0.7465059441,-0.853711577568,2
2,1.72724757494,0.801756237043,-0.213161541361,0.205465646883,2
2,1.38585603018,-0.191596447388,-0.520352732901,-0.814307573554,2
2,1.72033444452,0.0811866191672,-0.824780071321,-1.61672881352,2
2,1.53230334546,-0.861263457481,0.70226121892,-0.747383009765,2
2,1.51938279781,0.0565809621429,0.690742069941,-0.174174433425,2
2,0.543167115229,-0.11160534781,0.291934438816,-0.437058923141,2
2,1.6705587133,0.0173430958137,-1.77877256529,1.4477427982,2
2,1.6611688031,0.783764003983,1.44463274032,-1.39316698689,2
2,2.3629141506,0.617686587822,-0.197049973373,-0.259608427343,2
2,1.90263534834,0.514504588788,-0.380816638612,-0.810774157805,2
2,1.23343098813,0.705984371697,0.283522059552,-1.16315077024,2
2,1.62119480219,0.45675024529,-0.650910155139,-0.0694791378782,2
2,1.97887285247,-0.176610044734,-1.44570810902,-0.392726252436,2
2,1.71553560421,0.408922693942,-0.433931490362,-0.492906723323,2
2,0.901178127574,0.934366746855,0.117946449193,-0.969213367062,2
2,1.61947744331,0.354957158687,-0.0363877578454,0.172077432044,2
2,1.94753945855,0.702536874143,-0.267144449094,-0.77904523471,2
2,1.49681402876,0.700817352363,-0.563351176832,-0.4744533884,2
2,2.65377283949,1.41676311785,2.00364908746,-2.61673970055,2
2,2.49353847832,0.325702182435,-0.492271196052,-0.532880420786,2
2,1.95711576495,0.571284646226,-0.317199272179,-0.638067882949,2
2,2.42487567375,0.335371584571,0.143114593365,-0.293758506619,2
2,2.19120934315,0.75490749475,0.421600869637,-0.931128442021,2
2,1.78342543564,0.00430775154446,-0.574106484677,0.0191704816429,2
2,1.65513038613,0.852017398638,0.288881355485,-0.316389336079,2
2,1.63726884109,-0.181905918572,-0.411359934114,0.358336682348,2
2,1.2744926622,0.950155430082,-0.362263581894,-0.406649306399,2
2,1.35273641878,-0.127216507135,1.045281849,0.000323970924927,2
2,1.65826819041,0.498909363702,-0.558924494076,-0.568611398023,2
2,-0.123272061921,-3.31965263964,2.55268685947,1.79660146863,0
2,-0.0310275011396,-3.73040096002,2.21974237059,2.01194015351,0
2,1.28527405187,0.569224775287,-0.251946888747,-0.322804123556,2
2,2.29973156652,0.405240356876,-0.180463927991,-0.0624187114034,2
2,2.77809043792,0.0346323536397,0.0957118584214,-0.547182224923,2
2,1.69943649783,0.101954713645,-0.64733575198,0.206295527231,2
2,1.60450775713,-0.667305703314,0.609310893689,-0.0754524200255,2
2,2.4590431603,0.307433665871,-0.614870476524,1.40303231148,2
2,1.80090259076,-0.256610615135,0.0867097934882,0.916194428663,2
2,1.99898248039,-0.15087548494,-0.101748454042,0.98722563908,2
2,1.72840231925,1.11380673264,0.183200224969,0.764314307328,2
2,0.803190982297,0.318726838337,-0.116985635324,0.880401786633,2
2,1.4168207769,-1.30575824152,0.352342475738,2.10527147922,2
2,1.29612612211,-0.0174935344406,0.193592420222,0.641288085728,2
2,1.51043865729,-0.47693705912,0.108835951845,1.2660463285,2
2,0.393347122261,1.31383326545,-0.704039817315,0.452894547255,2
2,0.835803256523,-0.00619992661513,0.813927067152,1.08780834974,2
10,-2.06377897533,3.0955299119,1.16469925659,-1.11149321831,10
10,0.488658892684,0.108301048424,-0.221085980252,1.33877326388,2
2,1.72349533249,1.11534526298,-0.278576924057,0.692561522803,2
2,0.844094570925,1.1010639451,0.112857573926,0.569742471755,2
2,1.13272084423,-0.157659991811,0.123883215769,1.38164358555,2
0,1.13202695058,-0.324158754921,1.25407865819,1.05439174476,2
2,1.55922262609,0.480186080432,-0.253364349032,-0.263763710742,2
2,-0.242638857307,-0.527812765733,0.447839697234,0.489144534056,2
2,1.29128274903,0.705161806316,-0.385700648692,0.0624970728995,2
2,0.971982715104,0.22764557518,0.4715597682,0.659268387789,2
2,1.46223643845,0.336015307305,-0.664336299637,0.289390306707,2
2,0.986576025643,-0.0283736410972,-0.0119192049741,-0.262223323759,2
2,0.736758096278,-0.174837362804,0.132182689008,0.570211096398,2
2,0.617563042341,0.444948531425,0.0607743545654,0.129009404575,2
2,1.19939256401,1.15689700217,0.33247991991,0.919068487253,2
2,0.432581602988,-0.845341591682,-0.102160511836,1.05504885907,2
2,1.33035155133,-1.32949063012,0.619326053075,1.19056429321,2
2,1.31113646321,0.489403865189,0.0623141172181,-0.180513953535,2
2,1.70208396636,0.250777344842,0.028865288862,0.50434751357,2
2,1.14303078705,0.380974429858,-0.0258595670892,0.359836618072,2
2,1.23596857504,0.280302554924,0.245711684399,-0.313589829744,2
2,0.659068020302,-1.59640451671,0.635962604433,0.556335656767,2
2,0.788965887855,-0.294603546174,-0.0105314481258,0.118963991282,2
2,1.14284333694,-1.40111876179,-0.767504370209,-0.037662597468,2
2,1.16417210416,-0.362028404264,-0.749187500608,-0.947791419638,2
2,1.29779919451,0.454854503898,1.0493675078,1.0604269882,2
2,1.15006700381,-0.238275164459,-0.334184436189,0.161825605514,2
2,0.81517709949,-0.967572390848,-0.151038309506,-0.416980582217,2
2,0.696935760971,-0.326085353814,-1.02212478802,0.0133818057808,2
10,-0.445940635748,-0.704995941978,0.669486642469,1.20378556685,2
2,0.674154436997,-1.05016638047,0.515430851998,-0.0300522590262,2
2,1.14145074737,0.811731052181,0.0472387595138,0.237518802636,2
2,0.804127894776,0.460415251156,0.0485988953039,0.398297252079,2
10,-0.796025323741,-0.207411500257,0.236642022127,-0.700500029335,10
2,0.104838207889,0.236733407891,1.57104998379,0.528147578446,2
2,0.496922701737,0.842288911654,0.517047658228,-0.468673339155,2
2,1.71698974862,0.950709411907,0.0510267751336,-0.492938179555,2
2,0.739317760234,1.82609562594,0.645513198056,-0.00473554793055,2
2,0.482290272722,2.63229680555,-0.460918622156,-1.37664345766,2
2,0.367356550599,0.824789497713,0.694663530616,1.13275287981,2
2,2.01121887627,-0.104925837773,0.325894662933,0.778263067288,2
2,1.79235952767,0.412309541301,-0.0525111712749,0.64273415599,2
2,0.905014182564,0.603687377018,-0.0917044454254,-0.0375934630177,2
2,1.17737083941,0.553875054306,0.617562198711,1.0744386295,2
2,0.993502129852,1.018323556,1.5048773844,-0.462698088657,2
0,0.253869302539,-0.375063856531,0.858630470045,0.808441122804,2
10,-0.727381463793,1.44351922288,-0.660092330067,0.533229312568,2
10,0.409550394679,1.19871251242,-0.646730087593,-0.628901825148,2
10,-0.684883622625,0.209764114348,0.0252865522748,-0.429907000211,10
2,-0.716751488897,-0.760687907146,0.0698721544228,0.740243118577,10
2,0.762810527327,-1.84765517496,1.80004954094,1.06535884829,2
2,1.77586736962,0.545999681078,2.36816506653,0.200311591213,2
2,0.5971462706,-0.994541181225,0.673337060226,0.300821581998,2
2,0.418995534808,-0.248874307478,0.26155755396,0.373103655722,2
2,1.20627831237,0.0735539422993,-1.08021126117,-0.0529108530892,2
2,1.33254638391,0.234725392904,-0.400348939436,1.10270327538,2
2,0.751790179702,0.539176680689,-0.816782083981,0.922668828042,2
2,1.8894984814,0.374304845557,1.44069888928,0.825911308947,2
2,2.03402129163,0.994223037356,-0.0220550425428,0.52648237624,2
2,0.777540539431,0.532895962262,-0.327539722983,-0.546624241251,2
2,2.11250376579,0.391419558151,0.228807305207,0.209274245846,2
2,2.43576537217,-0.730741905613,0.527454912231,0.406923461556,2
2,2.57569624377,-0.228600832401,0.352646606153,-0.264965863859,2
2,3.19072483245,-0.54114210155,1.27394360871,0.440961265092,2
2,1.31746981189,-0.545679054205,-0.441614415692,-0.290334978999,2
2,1.54892311133,1.22112385729,1.42386439304,0.437989837505,2
2,1.97227496438,0.636216394066,-0.907397287132,0.495027380332,2
2,1.29732113043,-0.905811024969,1.42990790658,1.17618792299,2
2,1.28640774807,-0.895778440608,0.746018334613,0.979612105691,2
2,1.58612062461,1.25214544601,-0.0775594300697,-0.122694607857,2
2,2.09626583332,0.694901196787,0.49509850146,-0.109666352713,2
2,2.04809544716,0.372823917352,-0.953682469935,0.231951284332,2
2,2.04537721799,0.434334315916,-0.031231604492,-0.79979770276,2
2,1.86677699871,-0.399271613172,0.0546914851054,-0.330170877688,2
2,2.17277860795,-0.239601871551,-0.0213434610833,-0.680510329165,2
2,1.84878873248,-0.350462820305,0.725691939192,0.150817119198,2
2,1.20600446336,-0.477011458503,0.173280150262,0.574291419567,2
10,0.343725873178,-0.257128766582,-0.118958450359,0.245862773872,2
2,1.35704917876,-0.533521529976,-0.467503260431,0.457353382576,2
2,0.896483074294,0.0592986922294,-0.544369914385,-0.824303170044,2
10,0.711236185223,-0.25360541399,1.29549088595,0.942443425167,2
10,-0.519248068114,0.437667438045,0.418874080846,-0.649207110837,2
2,1.59031805035,0.565710412587,-0.0924853448818,0.928609476373,2
2,1.91047073252,0.0177207110409,0.908166859986,-0.569135488983,2
2,0.348013941802,0.135523546977,0.0179448521619,1.27302692832,10
2,1.75815114325,-0.557798476672,1.41769674161,2.07944682998,2
2,0.92371672441,-0.338767253062,-1.1742492869,0.117614263681,2
2,2.12248475402,2.24696834642,-0.730724247603,-0.472107286824,2
2,1.56422318029,0.222883901051,0.8826136644,-0.120522081474,2
10,-0.193668733699,-0.0777181586776,0.684834260683,0.612689529344,2
2,1.34664963671,-1.17410589515,1.76596603273,1.57615798969,2
2,2.15197869522,1.20238326086,-0.0343586543023,-0.114116892891,2
10,-2.14547663412,-0.0416481107717,-2.0577334794,-0.275238452094,10
2,3.31267403445,0.186396950288,1.8145490641,-2.70779342163,2
2,1.83617234848,1.16227440046,-1.03536726714,0.36228002703,2
2,0.699309441338,0.0511203407848,0.27573651252,0.6513348905,2
2,0.844411127098,-1.37832463353,0.707856307672,2.12240093761,2
2,1.11602506196,-0.0752331107056,-0.996848788501,-0.327445895611,2
2,0.816579771997,0.669496103991,-0.317277527329,-0.582790015967,2
2,1.66544675794,2.17500974266,0.641367682497,0.23589342731,2
2,2.25192148605,-0.223498727153,0.443528826872,0.164927052804,2
10,0.317970210638,1.44594135634,0.0884505211629,0.213228765674,2
2,1.23083079671,-0.333328584858,-0.224068546421,0.712169471718,2
10,1.18165024294,0.547783357753,-1.09789790817,0.1013393573,2
2,1.82191741967,0.00910487639357,-0.139026195679,0.169675447515,2
2,1.6578353968,1.02691914335,-0.219998124755,0.467393663464,2
2,1.2670637343,0.351014189999,0.699158715231,-0.0448878394374,2
10,-0.186000996931,-1.08823277492,1.55749128328,1.31629168538,2
2,0.720424711422,-0.945381027148,-1.30794212811,-1.1655370992,2
2,1.125064611,-0.497637337076,0.659376740917,0.202313693219,2
2,2.78263527185,-0.76240547276,-0.225104044061,0.517374911527,2
2,1.65346466922,0.401101485854,-0.253053086596,0.321596249853,2
2,0.742463312523,0.483254624636,0.149585583578,-0.126532679739,2
2,2.05669659613,-0.630338738561,-0.230778897208,-0.0883040402254,2
2,1.10876492944,-0.0336655026624,0.474987821621,-1.02327345754,2
2,1.57675911981,-1.27100588487,0.788001891679,0.406117203376,2
2,1.91129289556,0.327855400626,0.332042982366,-0.725929062007,2
2,1.517969142,-0.281485297636,-0.33707822346,-0.570916285019,2
2,1.32256370121,-0.15992010431,-0.636977186915,-0.573289132938,2
2,1.28773184786,-0.116626247075,-0.146154906,0.122327864516,2
2,1.84377365417,-0.754888772764,-0.197586735768,-0.382614397503,2
2,1.73122866782,0.429022229414,0.126521186676,-0.362534808139,2
2,1.77264195324,0.736657002878,-0.2100892226,-0.652552684842,2
2,1.7629582832,0.05846268286,0.4302698028,0.204056838743,2
2,1.85131366512,-0.0785007574667,-0.425172164094,-0.407344795082,2
2,2.12477028752,0.236220134991,-0.581184157424,-0.989209114341,2
2,1.87480266555,-0.170407116463,0.903600511713,-1.46910577877,2
2,0.844478978833,0.363058434489,0.112627713003,-0.592685324327,2
2,1.20239061332,0.523903852549,0.00911550290428,0.0943975450428,2
2,1.26538305105,-0.287791787703,-0.0975170754487,-0.495812271629,2
2,2.07905315923,-0.866355121655,0.408755433302,1.0143135912,2
2,3.47385753474,0.00715043286054,-1.16867005333,-0.238610859131,2
10,0.823078804933,0.179143537304,-0.484751858341,0.163914348713,2
2,1.79268634579,-0.315404635927,-0.319707911142,0.954206656328,2
2,2.05006661085,0.927072111781,-0.102279980847,-0.277989203743,2
2,2.80416580695,-0.0144312310708,-0.228533332605,-0.111975732697,2
2,1.71170644712,0.733237464633,0.401652146263,-0.485914655172,2
2,2.25540411536,-0.940599005196,-0.173033769612,0.256770070316,2
2,1.42321486052,0.24059288038,0.0876451864739,-0.278416247516,2
2,1.30302240242,-0.454862010465,1.00080790246,0.0690097844436,2
10,0.538515013321,-0.990346142863,0.623633014027,0.943617681127,2
2,1.1187812711,1.72107772032,0.275904409072,0.695658805437,2
2,1.74474236015,-0.129026709032,-0.190827976394,-0.146135725464,2
2,0.898659801086,0.585326945836,-1.01363235233,-1.21031784706,2
2,2.15712115087,-0.587916554646,0.620045800325,1.05434901358,2
2,0.24012142812,1.07142627726,1.50703806873,1.28480181939,2
2,1.56762333455,-0.189158927974,1.43623455059,0.338188748973,2
10,0.537108477529,0.190127112351,0.323422404974,0.141280145326,2
2,1.00491553027,-0.0479590578234,0.447931907795,1.03411445471,2
10,-0.00857741899451,0.84170076258,0.0520969093543,-0.103837309974,10
10,1.55714263843,0.0725114068899,-0.320230741725,0.167022022237,2
2,0.558946804889,0.0500067495336,0.0531978826211,0.180394614624,2
2,1.20052810806,0.856456839163,-1.17285501306,-0.0445503838493,2
2,0.987276350277,0.886034094953,-0.582033157083,0.704506908697,2
2,2.54651025369,0.948105642138,-0.781253789653,0.0146743104909,2
2,1.69674042772,-0.123270548088,-0.110504798619,0.00729823297115,2
2,1.93348127755,0.566181114674,-0.0703758335195,0.38139085458,2
2,1.11401968035,-0.346650868045,0.53145346526,-0.330472169187,2
2,1.19056817299,0.446333675049,-0.215102701267,0.429770644038,2
2,0.900046797241,0.403827907037,0.131581277477,0.0389266859741,2
2,1.29003001753,1.50466238282,-1.01082595891,-0.706775432731,2
10,0.592415269046,-0.134911780281,0.45355285943,1.20761282746,2
5,1.94552813243,-0.529700487975,0.702559782412,0.624117810974,2
2,1.02140277317,0.274556239095,0.51583155389,0.561059302986,2
2,1.66756724222,0.132558732674,-0.314307509828,0.468125397171,2
10,0.571542931395,-0.180800958151,0.320716798278,1.08873081536,2
5,-0.286157887725,-0.0297927665046,1.64206331754,0.390839932811,2
2,1.68051019965,-0.321475062458,0.111165122303,0.140409696351,2
5,0.682291608696,-0.647688613799,-0.565686245621,0.838964884322,2
2,1.09596401391,1.36828760757,-0.188973711608,-0.429918408352,2
2,0.483004350344,1.15794775404,0.095898216933,-0.862162270222,2
2,1.21556876314,-0.777376413529,0.218045605654,0.599707278763,2
2,1.03193052953,0.46461364578,0.233757789731,-0.0239310328341,2
2,0.506816494013,-0.419377162152,0.30499105868,1.37603823365,2
2,0.969027705838,0.304523384627,0.0132977393735,0.0598146781865,2
2,1.07447867143,0.255966639638,-0.371214693921,0.194480041464,2
2,0.263909336238,-0.04774372871,0.0645767202308,-0.265244752102,2
10,0.839303141961,0.28721806469,0.400017375517,0.227203592846,2
2,1.02095132302,-0.0644562110497,-0.357057238662,0.730817609709,2
2,1.03299125495,-0.626696616077,-0.337737021985,1.0535335239,2
2,1.35939560747,0.00364273120506,0.992485275181,0.606186290946,2
2,-0.00489081474533,0.942635773131,0.33003752422,0.0872159009783,2
2,1.25173107233,0.336221271779,-0.155639478691,-0.0217784809081,2
2,2.26484496056,0.096272372648,-0.736265799757,-1.17137482573,2
2,1.31062316707,0.626403563027,1.17039489536,1.71432673921,2
2,1.70163673985,-0.527117431547,0.116182756006,-0.211822715896,2
2,1.83331252692,-0.592595336652,0.656774729387,2.17347652296,2
5,1.0195854677,0.362963172782,-0.136881341393,1.04184828078,2
0,1.72976989754,-0.120251321227,0.0798048878772,-0.687127626065,2
2,1.12966221922,-0.793330916836,-0.320697923202,1.04634257757,2
2,1.32581309925,-0.2625196756,0.391978074815,0.770516537673,2
2,1.18892328068,0.159885631971,0.501468189827,-0.696868899233,2
2,0.412996763444,0.854494266964,-1.29166487887,0.691500077624,2
2,0.878780708495,0.0148921114244,1.03598509627,2.22068038123,2
2,1.44694482675,-0.397641850701,-0.560778758228,-0.970267101543,2
2,2.51485779436,-0.239096950375,0.355964834296,-0.762022231857,2
2,1.47363625802,-0.18175644907,0.0270319256351,0.689581819279,2
2,2.00499241282,0.434582247253,0.307866623537,1.41252785035,2
2,1.24704074424,0.161811788889,-1.20287177579,-1.11576616799,2
2,1.25105678004,-0.51987223152,-0.450628186811,0.928595821013,2
2,1.08480367146,1.24981127826,0.0666223823562,0.725083343815,2
2,1.32406780917,-0.655585255109,0.721194537519,1.38609513269,2
2,0.569222263102,-0.193198274641,-0.980969521743,-0.144663289513,2
2,1.52098853082,-0.250981656022,-0.378294621712,0.514391782191,2
2,1.00330391874,-1.76739149054,-0.204457533435,0.492238860638,2
10,0.47087558702,-0.828132334168,0.942046991496,-0.603046344671,2
10,-0.615582377485,0.0837929391226,0.23994368033,-0.641534680548,10
2,0.725720061147,-0.151846073018,-0.178309208531,-0.246571709047,2
0,-1.85176513852,-0.321069560026,2.0093181209,-0.463244172164,10
2,1.06353593323,-0.71496607824,0.056016527651,0.137008581819,2
2,0.287958442026,0.0839015236176,0.530043059671,0.451113070476,2
0,-1.7407819723,0.856539703204,0.168359112008,-1.79411190775,10
2,1.58100199375,-1.2682344437,0.476257606187,-1.36667189304,2
10,0.498384334845,-0.743237782139,0.988831661355,-1.64274320107,2
10,0.206719772336,0.621448223508,1.17634309851,-0.867820677632,2
2,2.42279799973,0.717916040727,1.93141272877,-0.337899846371,2
2,0.512700783729,-0.32590530324,0.88972064685,0.0487654646846,2
10,-1.25720459522,-0.305157981738,2.10965146017,0.841393495034,10
2,0.483488175635,-0.942591246947,1.65893527877,-0.220177052893,2
2,-0.741673047949,0.512345167612,1.38937534392,-1.5058041552,10
10,-2.82472834866,-0.427962192813,2.03659914496,-1.68847329717,10
0,-2.26507858071,-2.12096012918,2.19668081656,-1.51777368033,10
10,-2.06087150321,0.507783836616,-1.61742483501,-0.883933164585,10
2,-0.451836744193,-0.441282384068,1.01897976644,-0.43240462649,2
5,-0.0595802071141,-2.78686223681,3.90060300561,1.0221699762,2
10,-0.482108635938,0.264888521221,-0.13303043463,0.122924176919,2
0,-0.216688751565,-1.66070765008,1.81844211556,-0.664754865857,2
2,0.521508656455,-0.367053731341,0.656870593565,-0.0929515276643,2
10,0.874953455483,-0.158399565355,0.215138647904,0.931418709185,2
2,1.64613863356,2.99155118345,-1.49514483394,-0.907820549492,2
2,1.16729331012,1.46011519177,-0.0282545210216,0.410964929597,2
2,3.17721503576,0.470995666172,-0.685928241076,1.02941045136,2
2,1.32326313888,-0.0164724984119,0.0646867723213,2.42168785723,2
2,1.17527300187,1.9273770805,1.09905122911,-0.680958891761,2
2,1.15780972581,1.34509224913,0.843009302546,0.582531563674,2
2,2.03733344333,0.268051085489,0.060105592264,-1.20806687031,2
10,1.20750281401,1.66417443536,-0.999230865505,-0.321981024995,2
10,0.541335229528,0.255406866856,1.34815544661,-0.141460570629,2
10,-0.0501660465097,-0.839476209229,1.01813010908,-0.389621622296,2
2,-0.421016046938,-1.18187159353,-0.101777764248,-0.0835203681982,2
10,0.384161360427,-0.043688699376,0.221262166981,0.549731082544,2
2,0.644636147212,1.62442540703,0.0930448607639,-2.65552001467,2
2,2.86008781932,-0.0967692513586,-0.611006209088,0.606511684612,2
2,1.63464712924,-0.284505005699,0.536120059258,-0.668488950609,2
2,0.986138171151,-1.71042429278,2.19560888062,-1.27993624307,2
2,1.48530254628,0.400454428773,-0.614092638369,0.813032194019,2
2,2.1796437454,1.41086653268,-0.262109970581,-0.632262919354,2
2,2.27342685761,-0.188764610681,1.66551328081,-1.221016576,2
2,1.86122477254,0.479423804868,-1.56933908233,0.265947661578,2
10,0.117530715777,-0.892872057561,0.869079759544,0.144114038876,2
2,1.3477019789,0.17816537926,-0.378007485222,-0.530449216197,2
2,0.865647328161,-0.0137260844922,-0.137922819172,-0.73881375441,2
2,1.16240952727,-0.597686755892,-0.96701174458,-0.706826963915,2
2,2.16682105487,-0.467874435881,-0.65817908861,0.615871828029,2
2,1.19166834204,1.10042409111,-0.236284112011,-0.0325923974305,2
2,1.43095468401,0.664799982899,-0.0349176791073,-1.59924598625,2
2,2.44226055865,-2.25372523869,-0.370704126985,-1.43033767522,2
2,2.8741482774,1.0944880156,0.4303060958,0.0155873278895,2
2,1.531822623,-0.258945352214,-1.05472758045,-0.0945713170719,2
2,1.39115953427,-0.118205320539,0.522999343346,0.0359214497805,2
2,2.33529694543,-1.25492532642,-0.42947242962,0.295520975554,2
2,2.17953442399,-0.00281035892252,-0.302589547895,0.365550417064,2
2,1.94654347343,0.729627265742,-1.45370515311,0.522150804779,2
2,1.64131327414,-0.030050056058,-0.987832544502,0.793946365817,2
2,1.79166083623,0.0775487528168,-1.3719399407,-0.0965887234736,2
2,1.59559314979,0.0492755301366,-1.48462782741,0.745367264148,2
2,1.91768183757,0.357574520419,-0.634524167417,-0.83405174971,2
0,1.68139377191,-2.09030889595,-0.725306172153,-0.494937666696,2
2,1.2573394223,0.154466716606,-0.302735845504,0.132587959193,2
2,0.598411893196,-1.01321047395,-0.433742848224,0.868064646403,2
2,2.15283961263,0.920679144486,-0.734719645565,-1.14601413199,2
2,1.43857517974,0.43088193263,-0.152110678119,-0.4060753683,2
2,0.935748077482,0.129393680534,-0.37467118597,0.153123398603,2
2,0.648893329861,1.82810717989,0.50942398479,-0.823610994529,10
2,1.98561996312,-0.556388055863,-1.10619630123,-0.126979839516,2
2,1.22738367842,0.485717193133,-0.765806733702,0.855778717174,2
2,1.26840963441,-0.95548954428,-0.68154887452,-0.825853935862,2
2,1.92857119075,0.0263111269089,0.264664269033,-0.945156004424,2
2,2.11375464549,-0.483679535771,-0.777422437294,0.431995895987,2
2,1.40375088708,-0.704808286641,-0.481733556779,0.44800352952,2
2,2.54617049188,-0.497847137042,-1.00470696299,0.044724670584,2
2,2.19696086288,-0.707094713046,-0.239757062396,-0.813116415582,2
2,2.12992487564,-0.660651142529,-1.74192390999,-0.0184069150875,2
2,1.3448495758,0.0463878802103,-0.106307541585,0.565529590883,2
2,1.57130481386,-0.286840637217,-0.852959334909,0.522722068985,2
2,0.66323035403,-0.298450231414,-2.48087554425,0.665440733685,2
2,0.994684472507,-0.893417024152,0.137195114716,-0.0161795798418,2
2,1.04496735439,-0.111236230218,-1.07981330201,0.360313574884,2
2,1.73754458879,-0.604879163446,-2.09139917267,0.184198626349,2
2,1.81406606095,-0.286056307812,-0.49358819302,1.45433540521,2
2,0.678215116485,0.317139211071,-0.573333950236,-0.764725608592,2
2,1.30603861767,0.48565268987,-1.13713275942,-0.548267686278,2
10,0.923658019426,0.286097899439,-0.50636003341,-1.9856080025,2
2,0.262045603944,-0.279038626256,0.259292591048,-1.1807250928,2
10,1.09053774317,0.871992702952,-1.78510541221,-0.146191174568,2
2,1.9818874179,-0.0410992984082,-0.304904273291,-0.894090806601,2
2,2.03098743908,0.0536132047781,0.157231121126,-0.0279383801094,2
2,2.09896288089,0.636034979899,0.514472122993,-0.553708636821,2
2,2.28530224825,0.270184701384,-0.299645762586,-0.984812371552,2
2,2.19542028401,-0.3397413179,0.371686508551,0.322975729711,2
2,1.46144642276,0.513208238949,0.0297685413397,0.702483035516,2
2,1.784118993,-0.426878090843,-0.319833158169,0.143120882943,2
2,1.64996606259,0.565203423684,-1.58661291519,-0.827657690225,2
2,1.98940911656,0.849973412312,0.0955560908759,-0.436389010745,2
2,1.76303752995,-0.705715754886,0.017752244519,1.31665994687,2
2,1.2437063882,0.647242140113,0.503846413948,0.529240183508,2
2,1.20331644696,0.693811893989,-0.29730993076,0.348083510814,2
2,1.65703124583,0.0535227562967,-0.190641560899,1.22584246979,2
2,2.01042368773,-0.407097383245,-0.795416444111,0.427527528554,2
2,1.24858450026,0.565201419853,0.195797835641,0.171350352891,2
10,-0.0555228441165,0.516210295423,-0.2242547166,1.23047979961,2
2,0.747298931453,0.331591573152,-0.439788414748,0.765557290564,2
10,0.00510181522608,-0.281723288448,-0.816960213982,-1.09167625332,2
2,1.31832680554,0.135954752216,0.511090508338,1.00634367428,2
2,1.52813548736,-0.0385943221032,0.0800972475182,0.872137294453,2
2,1.44706274529,1.28079873766,-0.715536427275,-0.198938159668,2
2,0.983260206292,-0.357612988011,-0.109783546824,0.848704579556,2
2,1.63803976782,-0.788616158211,0.935076228775,0.535421110425,2
2,0.670633801001,0.135823136762,1.02535528955,0.997690789484,2
2,0.464037157627,0.477012869921,0.0969911131004,-0.234256102973,2
2,1.39164093937,0.193594395458,0.465971322501,0.811088516587,2
2,0.246165763486,-0.505836506305,-0.600260017732,-0.224153850746,2
2,0.434372555568,0.361848246107,-0.324921816449,0.571176966176,2
2,0.900511786932,0.404058497302,-0.504640954488,0.216727561598,2
10,0.441500099836,-0.476339865081,-0.44599672654,-0.021689602079,2
2,0.707290400722,-0.19936888575,-0.0533556065953,0.354349045291,2
2,0.988101612823,-0.0755058631312,-0.105252114436,0.183430990602,2
2,0.114736273275,0.905433944599,1.13675738673,1.470311019,2
10,0.734887231177,0.396004260671,1.30971457252,0.0277782904076,2
2,2.40356967626,0.626818065376,-0.411628038605,-0.100557372069,2
2,1.01581591508,-1.56982960865,0.290993657997,0.675881819518,2
2,0.378131616032,-1.56735864873,-0.824600902077,1.19960748801,2
10,0.25936344242,0.552149477902,-0.972925123841,-0.595652796245,2
2,0.911014632708,0.514168005881,-0.105390479061,1.22198972191,2
2,2.41724479077,0.136575059868,0.0964532712865,1.82210993169,2
2,1.8552285313,-0.147823328828,-0.562735430404,1.66150391239,2
2,1.18996046124,-0.168223105073,-0.527069723272,0.496631183796,2
2,1.09681995081,1.01404618387,1.29756265588,1.76865240445,2
2,1.09436364259,-0.116487508709,-0.296086950059,0.961922542079,2
10,-0.075470570224,0.652749532543,0.109385138666,1.04485007056,2
2,1.49132990439,0.220942799471,0.0246560872959,0.0184517598882,2
10,0.971784038286,0.169738879419,0.144882167208,0.967170639325,2
2,1.21737641914,0.226252843806,0.421171226524,0.632940306832,2
2,1.03252594926,-0.324877197938,-0.733797398828,1.04600146421,2
10,-0.274145663801,-0.521423605161,0.999001860571,1.68107728437,2
0,0.11617344674,0.212286204278,0.495293289375,0.858682150407,2
10,-0.220138128151,-0.0542109959948,1.34333395451,0.922925598601,10
2,2.12636171007,0.00511893729469,-0.0343767890763,0.283464784249,2
2,2.57988697334,0.301564665947,-0.628104459549,-0.220672839813,2
2,0.649423013774,-0.711263857791,-0.00369791025192,1.33278287614,2
2,0.935534089337,0.787889965619,-0.133057410227,0.543578529727,2
2,1.55163058066,0.0646096474664,0.100247047631,0.517080765,2
2,1.07156102136,-0.134837031606,-0.0809827260535,0.758432377012,2
2,1.59682112737,-0.202854331275,-0.229136469013,0.246189438643,2
