test-merror-mean,test-merror-std,train-merror-mean,train-merror-std,nb,bst_nb,bst_merror
0.272244,0.00841174868859,0.246063,0.00234499176971,0,502,0.1713582
0.2482284,0.00651123907102,0.2235972,0.00233768735292,1,502,0.1713582
0.2370078,0.00480750194592,0.2137056,0.00251550397336,2,502,0.1713582
0.2514766,0.00794750070399,0.228814,0.00280711809513,3,502,0.1713582
0.2450788,0.00681218300987,0.222121,0.00298998240798,4,502,0.1713582
0.2401574,0.00688981429648,0.2160434,0.00240193477014,5,502,0.1713582
0.244882,0.0128428899707,0.2187994,0.00420162119187,6,502,0.1713582
0.2436022,0.00957831061096,0.221383,0.00352258354053,7,502,0.1713582
0.2377952,0.00883321545984,0.2175196,0.00195179595245,8,502,0.1713582
0.236319,0.00951418833112,0.215822,0.00240748757006,9,502,0.1713582
0.2375986,0.00982980306212,0.2179626,0.00214154099657,10,502,0.1713582
0.2387796,0.0085999613627,0.2163632,0.00204181090212,11,502,0.1713582
0.2358266,0.00865582235492,0.2147638,0.00184241563172,12,502,0.1713582
0.2357282,0.00982762250801,0.2143454,0.002655218153,13,502,0.1713582
0.2360236,0.00845872270736,0.2146162,0.00230640294832,14,502,0.1713582
0.2360236,0.00796313517655,0.2143208,0.00246073000551,15,502,0.1713582
0.2337598,0.00936866172727,0.2137304,0.00275943085436,16,502,0.1713582
0.2312008,0.0101876200636,0.212869,0.00245480255825,17,502,0.1713582
0.2319882,0.00989441384621,0.2125986,0.00217444674343,18,502,0.1713582
0.2315948,0.00987483264466,0.2117868,0.00198623557515,19,502,0.1713582
0.2319882,0.00926246583583,0.2119096,0.00170230168889,20,502,0.1713582
0.2323818,0.00915624838894,0.211762,0.00184525738042,21,502,0.1713582
0.23061,0.00885610919084,0.210925,0.00160134755753,22,502,0.1713582
0.2300198,0.00916227311097,0.2104084,0.00222750780919,23,502,0.1713582
0.2308072,0.0088144695904,0.2099162,0.002020641027,24,502,0.1713582
0.2299212,0.00825482897218,0.209375,0.00148135370523,25,502,0.1713582
0.2307086,0.00898527672584,0.2091782,0.00216805215804,26,502,0.1713582
0.2310038,0.00853870742911,0.2087846,0.00212946393254,27,502,0.1713582
0.229823,0.00901012581488,0.2086862,0.00223813077366,28,502,0.1713582
0.2300198,0.00892697369549,0.2080218,0.00216521365228,29,502,0.1713582
0.2298228,0.00866467807596,0.2076034,0.00234555184125,30,502,0.1713582
0.2294292,0.00861085165126,0.2074064,0.00233482749684,31,502,0.1713582
0.2288386,0.00868693084121,0.2075048,0.0024393716732,32,502,0.1713582
0.22815,0.00908288075447,0.2071358,0.00238034866354,33,502,0.1713582
0.2275588,0.0094025171183,0.2066436,0.00184590526301,34,502,0.1713582
0.2274604,0.0088273293719,0.2060038,0.00176170796672,35,502,0.1713582
0.2274606,0.00822534029934,0.2060778,0.00212403911452,36,502,0.1713582
0.2271654,0.00919957569891,0.2061762,0.00231809735775,37,502,0.1713582
0.2272638,0.00912434583737,0.2053888,0.00191959989581,38,502,0.1713582
0.2263778,0.00911693398901,0.2046754,0.00149603082856,39,502,0.1713582
0.2256892,0.00803592106482,0.2046508,0.00164259202482,40,502,0.1713582
0.2257876,0.00827813359641,0.2041586,0.00173045076208,41,502,0.1713582
0.2249016,0.00932689222839,0.2038878,0.00162348186316,42,502,0.1713582
0.2252954,0.00875604286422,0.203371,0.00156029317758,43,502,0.1713582
0.225,0.00833666386512,0.2031494,0.00131910084527,44,502,0.1713582
0.2246062,0.00815550028876,0.2031002,0.00125563297185,45,502,0.1713582
0.224311,0.00803465971899,0.203051,0.00127766067483,46,502,0.1713582
0.2241142,0.00763413655628,0.2024606,0.00122684401617,47,502,0.1713582
0.2232286,0.00845290420152,0.2022392,0.00143977212086,48,502,0.1713582
0.2228348,0.00896913323348,0.2016486,0.00123777552084,49,502,0.1713582
0.2221458,0.00870171413918,0.201132,0.000902330981403,50,502,0.1713582
0.2219488,0.0088636747323,0.2006398,0.000843248575451,51,502,0.1713582
0.2221458,0.00875718457953,0.2000492,0.00105545561726,52,502,0.1713582
0.221752,0.00819712137277,0.2000244,0.000921761704564,53,502,0.1713582
0.2220472,0.00867268072513,0.1996308,0.00136051202126,54,502,0.1713582
0.2213582,0.00844629427382,0.1992616,0.00130807042624,55,502,0.1713582
0.2208662,0.00857715937592,0.1993356,0.00108742017638,56,502,0.1713582
0.2198818,0.00883311517869,0.1988682,0.000995008422075,57,502,0.1713582
0.219685,0.00801170800766,0.198622,0.00104289270781,58,502,0.1713582
0.2193898,0.00821936137179,0.1984498,0.00129039721016,59,502,0.1713582
0.219685,0.00816735685519,0.1982776,0.0013801441374,60,502,0.1713582
0.219685,0.00847005489947,0.1979332,0.00127956154991,61,502,0.1713582
0.219193,0.00831426174714,0.1974904,0.00128193176105,62,502,0.1713582
0.2185038,0.00936325100379,0.197392,0.0014254718517,63,502,0.1713582
0.2184056,0.00877808868946,0.1968012,0.00130579667636,64,502,0.1713582
0.218307,0.00900254121901,0.1964814,0.00136787288883,65,502,0.1713582
0.2175198,0.00919626353254,0.1963828,0.00149127105517,66,502,0.1713582
0.217126,0.00987367463511,0.1958906,0.00150523056041,67,502,0.1713582
0.2169292,0.00992300427088,0.195497,0.00176932133882,68,502,0.1713582
0.2164372,0.00918783235372,0.1955708,0.00163713461878,69,502,0.1713582
0.2161418,0.00933967454251,0.1952754,0.00139496560531,70,502,0.1713582
0.2156494,0.00924042128044,0.1951524,0.0014648311302,71,502,0.1713582
0.2156496,0.00913529192965,0.194931,0.00169864451843,72,502,0.1713582
0.2156494,0.0090871806761,0.194562,0.00172337378418,73,502,0.1713582
0.2152556,0.0094589586023,0.1941928,0.00172350798083,74,502,0.1713582
0.2152556,0.00925191276656,0.1940698,0.00169334159578,75,502,0.1713582
0.2145668,0.00915932786617,0.194119,0.00158973167547,76,502,0.1713582
0.2144686,0.0091878794855,0.1938238,0.00131276736705,77,502,0.1713582
0.2148622,0.00918366315584,0.1936764,0.0014036326585,78,502,0.1713582
0.2144686,0.0091773350293,0.1931348,0.00154529989322,79,502,0.1713582
0.2147638,0.00918366315584,0.1929134,0.00161160424422,80,502,0.1713582
0.2141734,0.00866715121825,0.1927412,0.00140837770502,81,502,0.1713582
0.2135828,0.00859751697643,0.1922982,0.00134535116605,82,502,0.1713582
0.2135826,0.0088088860726,0.1920768,0.00153187589576,83,502,0.1713582
0.2138782,0.00833214201511,0.191929,0.00160429137004,84,502,0.1713582
0.2141734,0.00844069342175,0.192003,0.00127041993057,85,502,0.1713582
0.213878,0.00823267283451,0.1914614,0.00162357883701,86,502,0.1713582
0.2139768,0.00816627490108,0.1914122,0.0014914030173,87,502,0.1713582
0.2135826,0.00770620432119,0.1913878,0.00155948573575,88,502,0.1713582
0.2135826,0.00765534371795,0.1909448,0.00128092582143,89,502,0.1713582
0.2128938,0.00690786298069,0.1908956,0.00133780381222,90,502,0.1713582
0.2126968,0.0072488943819,0.1908218,0.00136336941436,91,502,0.1713582
0.2126968,0.00705249885927,0.1906496,0.00127048189283,92,502,0.1713582
0.2122048,0.0071411952613,0.190502,0.00123915003127,93,502,0.1713582
0.2115158,0.00734190194432,0.1900592,0.00113670161432,94,502,0.1713582
0.2115158,0.00720878759293,0.1897148,0.00113566234419,95,502,0.1713582
0.2114172,0.00718295912281,0.1895916,0.000962643360752,96,502,0.1713582
0.2109252,0.00738242915035,0.1894192,0.000872243864983,97,502,0.1713582
0.2107284,0.00721523836335,0.1892964,0.000995433694427,98,502,0.1713582
0.2108268,0.00699163770228,0.1889272,0.000986262520833,99,502,0.1713582
0.2107284,0.00682905948429,0.1887796,0.0011292977641,100,502,0.1713582
0.2103346,0.00729659017898,0.188681,0.00100130295116,101,502,0.1713582
0.2100394,0.0075240032589,0.1883858,0.00109046547859,102,502,0.1713582
0.209941,0.00755739873237,0.1879674,0.000905199779054,103,502,0.1713582
0.2096458,0.00774973825106,0.1876722,0.000871826221216,104,502,0.1713582
0.209449,0.00710834442047,0.1873768,0.000981296367057,105,502,0.1713582
0.2094488,0.00790227206315,0.1872784,0.00101288609429,106,502,0.1713582
0.2091536,0.00802029103213,0.1870324,0.00105962872743,107,502,0.1713582
0.2090552,0.00818404553751,0.187057,0.00109114655294,108,502,0.1713582
0.2089568,0.00781601871543,0.1868356,0.00116101345384,109,502,0.1713582
0.2088582,0.00821485163347,0.1862206,0.000919522615274,110,502,0.1713582
0.208366,0.00758339483345,0.185827,0.00105158413834,111,502,0.1713582
0.2079724,0.00746756877705,0.18563,0.0011071178799,112,502,0.1713582
0.2077756,0.00742073588265,0.185581,0.00118169556147,113,502,0.1713582
0.2070866,0.00734845016585,0.1852364,0.00131269990478,114,502,0.1713582
0.2070866,0.00774000360723,0.1850148,0.0010821455355,115,502,0.1713582
0.2065946,0.00759474006402,0.1848178,0.00109866872168,116,502,0.1713582
0.2063978,0.0080057293584,0.1845962,0.00109628817379,117,502,0.1713582
0.2061026,0.00807078780789,0.1844732,0.00105980043404,118,502,0.1713582
0.2062008,0.0079836459691,0.1842764,0.00100949959881,119,502,0.1713582
0.2059058,0.00797532463038,0.1842026,0.000994400040225,120,502,0.1713582
0.2057088,0.00808639327265,0.1842272,0.000818111826097,121,502,0.1713582
0.2053148,0.00830163127102,0.1838828,0.00103378554836,122,502,0.1713582
0.2052164,0.00818176801431,0.1836614,0.00124321303082,123,502,0.1713582
0.2050194,0.00813785599774,0.1835136,0.001221941668,124,502,0.1713582
0.204921,0.00806012488737,0.183366,0.00113990438195,125,502,0.1713582
0.2048226,0.00776513239037,0.1833168,0.0010352884429,126,502,0.1713582
0.2052168,0.00756636703841,0.1831692,0.00111524712956,127,502,0.1713582
0.205118,0.00783962371546,0.1828494,0.00122638274613,128,502,0.1713582
0.2044292,0.00838406327266,0.1827756,0.00117390912766,129,502,0.1713582
0.2047244,0.00836323553656,0.1826526,0.00107429243691,130,502,0.1713582
0.2046262,0.00820177286689,0.1825542,0.00109051059601,131,502,0.1713582
0.2043306,0.00810085611772,0.1821604,0.00124170440927,132,502,0.1713582
0.204429,0.00853288117813,0.1817422,0.00141658072837,133,502,0.1713582
0.2043306,0.00849763389656,0.1813976,0.00136033475292,134,502,0.1713582
0.2040354,0.00834931208184,0.1813238,0.00123631588197,135,502,0.1713582
0.2035432,0.00833757260598,0.1812746,0.00122452792537,136,502,0.1713582
0.2033464,0.00832478832404,0.1810778,0.00118378383162,137,502,0.1713582
0.2031496,0.0080286760951,0.1809056,0.00113470887896,138,502,0.1713582
0.2028544,0.0082194188505,0.180758,0.00124364046251,139,502,0.1713582
0.202559,0.0080837010583,0.1803888,0.00130755503135,140,502,0.1713582
0.2024606,0.00820302292085,0.1803888,0.0012818473232,141,502,0.1713582
0.202559,0.00816753762158,0.1801674,0.00134676569603,142,502,0.1713582
0.2021652,0.00887697992337,0.1800442,0.00119658203229,143,502,0.1713582
0.2017716,0.00864258439589,0.1797982,0.00139289014642,144,502,0.1713582
0.2016732,0.00863361253242,0.1795766,0.00142111978383,145,502,0.1713582
0.2019684,0.00862912766391,0.1793552,0.00127237029201,146,502,0.1713582
0.2019684,0.00855019837431,0.1792322,0.00122881949854,147,502,0.1713582
0.2016732,0.00866720345671,0.179183,0.00130573259131,148,502,0.1713582
0.202067,0.0086512534352,0.1787894,0.00121396352499,149,502,0.1713582
0.201378,0.00845794568438,0.1788632,0.00127711759834,150,502,0.1713582
0.2008858,0.00863333892304,0.1786664,0.00137084420705,151,502,0.1713582
0.201181,0.0086333366435,0.1785188,0.00150676280814,152,502,0.1713582
0.2010828,0.00840108739152,0.178568,0.00135798541966,153,502,0.1713582
0.200689,0.00833076010938,0.1784448,0.001308149441,154,502,0.1713582
0.2004922,0.00807213618319,0.178297,0.00143993958207,155,502,0.1713582
0.2004922,0.00807213618319,0.1781494,0.00153081554735,156,502,0.1713582
0.2001968,0.00844064910774,0.1780264,0.00164148939686,157,502,0.1713582
0.2001968,0.00870055835909,0.1777804,0.00165617035356,158,502,0.1713582
0.2003936,0.00841767047585,0.177805,0.00168407968933,159,502,0.1713582
0.2001968,0.0084807153802,0.1776328,0.00163666568364,160,502,0.1713582
0.2000984,0.00840730702663,0.1775836,0.00159774573697,161,502,0.1713582
0.2,0.00828546454944,0.1772146,0.00171644826313,162,502,0.1713582
0.2001968,0.00835994051175,0.176944,0.0016161892216,163,502,0.1713582
0.1999016,0.00783332526071,0.176821,0.00171608706073,164,502,0.1713582
0.1995078,0.00808416858805,0.1767226,0.00174095291148,165,502,0.1713582
0.1996062,0.00793910429205,0.176624,0.00187517604507,166,502,0.1713582
0.1995078,0.00781615471699,0.176624,0.00180945372972,167,502,0.1713582
0.1994094,0.00756939409993,0.176501,0.00175511321572,168,502,0.1713582
0.1989172,0.00770232155652,0.1761318,0.00173938097035,169,502,0.1713582
0.1989172,0.00743356585765,0.176058,0.00157382502204,170,502,0.1713582
0.1988188,0.00739175089948,0.175935,0.00166539845082,171,502,0.1713582
0.198622,0.00754478455623,0.1759104,0.00167878939715,172,502,0.1713582
0.1983268,0.00771864395862,0.1757874,0.00167878939715,173,502,0.1713582
0.19813,0.00782827631091,0.1757874,0.00179550556669,174,502,0.1713582
0.1982282,0.00749189069328,0.1756396,0.00186831802432,175,502,0.1713582
0.19813,0.00673064285191,0.1753444,0.00185987210313,176,502,0.1713582
0.1978346,0.00691089078484,0.1751968,0.00178616185157,177,502,0.1713582
0.1982282,0.00659831437263,0.1750738,0.00176914051449,178,502,0.1713582
0.1980314,0.0065850823108,0.1749016,0.0016771209378,179,502,0.1713582
0.1978346,0.00698753818165,0.1748032,0.0016160856908,180,502,0.1713582
0.1975394,0.00716951871746,0.174385,0.00164799854369,181,502,0.1713582
0.1973426,0.00727944856703,0.1740404,0.00135144464926,182,502,0.1713582
0.197441,0.00731527910609,0.1737206,0.00136790885661,183,502,0.1713582
0.1970472,0.00695687586205,0.1734992,0.00153552641137,184,502,0.1713582
0.1969488,0.00683609609061,0.1731546,0.00139761891802,185,502,0.1713582
0.1971456,0.00681624071171,0.1731546,0.00148581743158,186,502,0.1713582
0.1965552,0.00678062617757,0.172884,0.00138632247331,187,502,0.1713582
0.19626,0.00675772831653,0.1726626,0.0013802083321,188,502,0.1713582
0.1959648,0.00692757794326,0.172564,0.00133772657894,189,502,0.1713582
0.1956694,0.00662868459349,0.1722688,0.00154565654658,190,502,0.1713582
0.195768,0.00685732046794,0.172318,0.00157706043004,191,502,0.1713582
0.1954724,0.00685724296201,0.1719732,0.0016272958428,192,502,0.1713582
0.195374,0.00695262560476,0.1717518,0.00162281501102,193,502,0.1713582
0.1951772,0.00708098528172,0.1715058,0.00159458626609,194,502,0.1713582
0.1949802,0.00745307843512,0.1712106,0.00163693318129,195,502,0.1713582
0.1947836,0.00701090090074,0.1711614,0.00167852847459,196,502,0.1713582
0.1946852,0.00720304128546,0.1710136,0.00183806034721,197,502,0.1713582
0.19439,0.0071382127455,0.170866,0.00185674004643,198,502,0.1713582
0.1940946,0.00709491526658,0.1704724,0.00176687255907,199,502,0.1713582
0.1938978,0.00725287874985,0.1703248,0.00176515363637,200,502,0.1713582
0.1938974,0.00733268863651,0.1701034,0.00176514527447,201,502,0.1713582
0.1935038,0.00749210089094,0.1699066,0.00171716470963,202,502,0.1713582
0.1936022,0.00752563531936,0.1695376,0.00172068528209,203,502,0.1713582
0.1936022,0.00739581534112,0.1693406,0.00158435609634,204,502,0.1713582
0.1935038,0.00732211191939,0.1691684,0.00167787765943,205,502,0.1713582
0.1935038,0.0075564560847,0.1689716,0.00160334033817,206,502,0.1713582
0.1933072,0.00753730255197,0.1688238,0.00140350296045,207,502,0.1713582
0.1930118,0.00709367806994,0.1687254,0.00148564189494,208,502,0.1713582
0.192618,0.00716274645649,0.168627,0.00140828335217,209,502,0.1713582
0.1925196,0.0067434783784,0.1682578,0.00136273422207,210,502,0.1713582
0.1923228,0.00631323398584,0.1682578,0.0015921747894,211,502,0.1713582
0.1922244,0.0065703411053,0.167987,0.00147755257098,212,502,0.1713582
0.1920276,0.0068220069657,0.1678148,0.00161909683466,213,502,0.1713582
0.1915356,0.00637431118161,0.1675934,0.00173528310082,214,502,0.1713582
0.1915354,0.00622046537166,0.1674212,0.00157819547585,215,502,0.1713582
0.1912402,0.00657765448773,0.167249,0.00170216003948,216,502,0.1713582
0.1912402,0.00629155044166,0.1670522,0.0015858304323,217,502,0.1713582
0.1913386,0.00646478119042,0.1669784,0.00163654240397,218,502,0.1713582
0.1912402,0.0065702901732,0.166757,0.00162950446455,219,502,0.1713582
0.1915354,0.00643475667294,0.1667324,0.00157817053578,220,502,0.1713582
0.1911418,0.00653334408707,0.1667078,0.00160026877742,221,502,0.1713582
0.190945,0.00671174516799,0.1665848,0.00156586441303,222,502,0.1713582
0.1905512,0.00660538817633,0.166437,0.00160675511513,223,502,0.1713582
0.1906496,0.00650343028255,0.1662648,0.00155741470392,224,502,0.1713582
0.1901576,0.00629149411825,0.1662402,0.00139720698538,225,502,0.1713582
0.1899606,0.00634082381399,0.1660926,0.00133654548744,226,502,0.1713582
0.190059,0.00641975921667,0.165871,0.0014079619313,227,502,0.1713582
0.1898622,0.00643482703419,0.1656496,0.00118932764199,228,502,0.1713582
0.1896652,0.00628382263913,0.165502,0.00127244379051,229,502,0.1713582
0.189567,0.00654673485029,0.1653298,0.00124359694435,230,502,0.1713582
0.1890748,0.00680759374229,0.1650836,0.00106238780113,231,502,0.1713582
0.1894684,0.00685438961834,0.1648868,0.00107654789025,232,502,0.1713582
0.1890748,0.00682890958792,0.1647392,0.0010085683715,233,502,0.1713582
0.1889764,0.00697345580326,0.1645424,0.00103408541233,234,502,0.1713582
0.1886812,0.00694980009497,0.1642716,0.000791034411388,235,502,0.1713582
0.188386,0.00670005316397,0.1641732,0.000736358173717,236,502,0.1713582
0.188386,0.00688540255904,0.1640502,0.0006940514102,237,502,0.1713582
0.1880906,0.00691377490522,0.1638534,0.00057901523296,238,502,0.1713582
0.187697,0.00681643997993,0.1637304,0.000697530386435,239,502,0.1713582
0.1875002,0.00669746499506,0.1635828,0.000634851604708,240,502,0.1713582
0.1875986,0.0066276900531,0.1635582,0.000648992573147,241,502,0.1713582
0.1869096,0.00658365960845,0.1634598,0.000744531100761,242,502,0.1713582
0.186811,0.00647369449387,0.1632874,0.000702212389523,243,502,0.1713582
0.1864172,0.00687858524407,0.1631152,0.000614900121971,244,502,0.1713582
0.185827,0.00657760360618,0.163066,0.000531430145927,245,502,0.1713582
0.1856302,0.00648716589583,0.16282,0.000690048983769,246,502,0.1713582
0.1857286,0.0063984551448,0.1626232,0.000806580287386,247,502,0.1713582
0.1853348,0.00617484439966,0.1623526,0.000732627217622,248,502,0.1713582
0.185236,0.00619831122162,0.162205,0.000780610017871,249,502,0.1713582
0.1855316,0.00652152241735,0.1620572,0.000810310903296,250,502,0.1713582
0.1853348,0.00654081320326,0.1620324,0.000700514839243,251,502,0.1713582
0.1854332,0.00638951082322,0.1617372,0.000639938559551,252,502,0.1713582
0.1850392,0.00606724337405,0.1615896,0.000780572251621,253,502,0.1713582
0.1843504,0.00606404104867,0.1615156,0.000666702812353,254,502,0.1713582
0.184252,0.006151252848,0.1612694,0.00060457972179,255,502,0.1713582
0.1838582,0.0065701703296,0.1609496,0.000657331149422,256,502,0.1713582
0.184055,0.00643162408727,0.1608512,0.000585252560866,257,502,0.1713582
0.1838582,0.00627614178935,0.1606544,0.000648059441718,258,502,0.1713582
0.1838582,0.00600002271329,0.1607282,0.000574819415121,259,502,0.1713582
0.1836614,0.00587606414533,0.1605068,0.00082547571739,260,502,0.1713582
0.1834644,0.00575944044504,0.1603346,0.000957189761751,261,502,0.1713582
0.183366,0.00589407186926,0.160187,0.0010172627979,262,502,0.1713582
0.1836614,0.0059089281803,0.1600394,0.00100949959881,263,502,0.1713582
0.1830708,0.00591377545735,0.1598918,0.000979685541386,264,502,0.1713582
0.1831694,0.00571707094936,0.1598672,0.000915833915074,265,502,0.1713582
0.1827756,0.00591048998307,0.1597194,0.000898850955387,266,502,0.1713582
0.1827756,0.0058279706794,0.1593012,0.000982498936386,267,502,0.1713582
0.182382,0.00608807726626,0.1590798,0.000924075408178,268,502,0.1713582
0.1824804,0.00603053754155,0.159129,0.000882494645876,269,502,0.1713582
0.1823818,0.0056506719742,0.1590306,0.00100745552755,270,502,0.1713582
0.1820866,0.00592183990327,0.158883,0.000942218021479,271,502,0.1713582
0.181693,0.00565754278817,0.1588092,0.000931895573549,272,502,0.1713582
0.1815946,0.00601917674105,0.1586862,0.000931895573549,273,502,0.1713582
0.181693,0.0059005525165,0.1584154,0.000932660838676,274,502,0.1713582
0.1811024,0.00597907295824,0.1583416,0.000841888021057,275,502,0.1713582
0.1809056,0.00591064651625,0.1582924,0.000912987754573,276,502,0.1713582
0.1807086,0.00599036194566,0.158071,0.000938466621676,277,502,0.1713582
0.181201,0.00574251164561,0.1579726,0.00104698435518,278,502,0.1713582
0.181004,0.00566609353964,0.1578496,0.00100571061444,279,502,0.1713582
0.181004,0.00525827515446,0.1578988,0.00099843425422,280,502,0.1713582
0.1809056,0.00526931940956,0.1577512,0.00108502873695,281,502,0.1713582
0.1806104,0.00540002331847,0.1577264,0.00111418788362,282,502,0.1713582
0.1806104,0.00540002331847,0.1577512,0.00115007537144,283,502,0.1713582
0.1806104,0.00540002331847,0.157702,0.00110986972208,284,502,0.1713582
0.1808072,0.00536945846059,0.1577264,0.00111685623068,285,502,0.1713582
0.1806104,0.0054535858882,0.1577018,0.00109052416755,286,502,0.1713582
0.1805116,0.00486565599277,0.1575538,0.00102201084143,287,502,0.1713582
0.1805118,0.00512738917579,0.1573818,0.00107075102615,288,502,0.1713582
0.18061,0.00490136483033,0.1572586,0.00100949959881,289,502,0.1713582
0.1806102,0.00505732377449,0.1571356,0.000957189761751,290,502,0.1713582
0.1805116,0.00488553540976,0.1570864,0.00119354373192,291,502,0.1713582
0.1802164,0.00498366421822,0.157111,0.00112999451326,292,502,0.1713582
0.1800196,0.00507035859087,0.1567666,0.0011443628096,293,502,0.1713582
0.1805118,0.00506115533846,0.1565204,0.00129601645051,294,502,0.1713582
0.1807088,0.00525829761044,0.1563728,0.00133645342605,295,502,0.1713582
0.1807088,0.00552768025124,0.1563728,0.00139407652588,296,502,0.1713582
0.1806102,0.00559381878148,0.156176,0.00142329575282,297,502,0.1713582
0.1802166,0.00568314605126,0.1560038,0.00141988329098,298,502,0.1713582
0.1800198,0.00586760466971,0.1559792,0.00142500237193,299,502,0.1713582
0.1801182,0.0061149482876,0.156053,0.001384500632,300,502,0.1713582
0.1800196,0.00647963494651,0.1558808,0.00139844590886,301,502,0.1713582
0.180118,0.00647664564416,0.1558316,0.00125855657004,302,502,0.1713582
0.1800196,0.00622035460726,0.1555856,0.00111847174305,303,502,0.1713582
0.1797246,0.00576773774022,0.1555364,0.00114471107272,304,502,0.1713582
0.1798228,0.00604024812073,0.1553888,0.00109492308406,305,502,0.1713582
0.179626,0.00612305319265,0.155438,0.0012119922442,306,502,0.1713582
0.180118,0.00641655181542,0.1553888,0.00119794230245,307,502,0.1713582
0.179626,0.0062094330498,0.1553396,0.0012633363131,308,502,0.1713582
0.1795276,0.0063283936856,0.1551672,0.00117353609233,309,502,0.1713582
0.1797244,0.00652431012752,0.154995,0.00131923887147,310,502,0.1713582
0.1797242,0.00686447435424,0.1548474,0.00143611108205,311,502,0.1713582
0.179429,0.00649622727435,0.154749,0.00155705452698,312,502,0.1713582
0.1791338,0.00640161318419,0.154749,0.00155705452698,313,502,0.1713582
0.1793306,0.00605642599559,0.1546998,0.00159773957828,314,502,0.1713582
0.1791338,0.00631784584807,0.1546014,0.00153396200735,315,502,0.1713582
0.1787402,0.00665674684512,0.1545522,0.00154340434106,316,502,0.1713582
0.1788386,0.00666547137418,0.1544292,0.0015973546131,317,502,0.1713582
0.1786416,0.0067046162187,0.1543554,0.00160340170887,318,502,0.1713582
0.1785434,0.00640463443453,0.1543308,0.00156711446934,319,502,0.1713582
0.1785432,0.00643482703419,0.1543062,0.00170015580462,320,502,0.1713582
0.1785432,0.00662761282514,0.154134,0.00168586084835,321,502,0.1713582
0.1781496,0.00634845431897,0.1541832,0.00167684518069,322,502,0.1713582
0.1779528,0.00631479866346,0.1539124,0.00168149512042,323,502,0.1713582
0.177756,0.00632093205153,0.153888,0.00185672679735,324,502,0.1713582
0.1778544,0.00622987359743,0.153691,0.00190334810269,325,502,0.1713582
0.1779528,0.00608834563408,0.1535434,0.00180309074647,326,502,0.1713582
0.1778544,0.00612007949622,0.153445,0.00202357535071,327,502,0.1713582
0.1777558,0.0056746348746,0.1535186,0.00195502476711,328,502,0.1713582
0.1778542,0.00604844010965,0.1532726,0.00195810516572,329,502,0.1713582
0.1774604,0.0057103510435,0.1532478,0.0020478405602,330,502,0.1713582
0.1775588,0.00593327759,0.1531494,0.00201626085614,331,502,0.1713582
0.1778542,0.0058610170585,0.153051,0.00191084515333,332,502,0.1713582
0.1775588,0.00565753930256,0.1530018,0.00186694032042,333,502,0.1713582
0.177362,0.00549426227987,0.152928,0.00179655748586,334,502,0.1713582
0.17687,0.00545000855045,0.1529282,0.00181972694655,335,502,0.1713582
0.1769684,0.00536041985669,0.1527558,0.0019587383082,336,502,0.1713582
0.1769684,0.0054054070929,0.1526574,0.00176665260875,337,502,0.1713582
0.1767716,0.00550131055659,0.1525344,0.00183554521601,338,502,0.1713582
0.1769684,0.00562491388734,0.1524606,0.00184540939631,339,502,0.1713582
0.1765748,0.00531322611602,0.1523622,0.00179586997302,340,502,0.1713582
0.1766732,0.00550657386766,0.1521162,0.00169708849504,341,502,0.1713582
0.1765748,0.00555386803588,0.1520916,0.0016751807783,342,502,0.1713582
0.1764764,0.00536041985669,0.152067,0.00177960793435,343,502,0.1713582
0.176378,0.00522315640202,0.1519192,0.00180074266901,344,502,0.1713582
0.1762796,0.00523981757698,0.1518698,0.00165726321386,345,502,0.1713582
0.1762796,0.00545711398452,0.151796,0.00168226739848,346,502,0.1713582
0.1760826,0.00480556529869,0.1518452,0.0015196966013,347,502,0.1713582
0.1761812,0.00522685134283,0.1518452,0.00137100932163,348,502,0.1713582
0.1760828,0.00507073128454,0.1515992,0.00161246797177,349,502,0.1713582
0.1754924,0.0054054070929,0.1512548,0.00162592870692,350,502,0.1713582
0.1754922,0.00514805848452,0.151058,0.0015077062048,351,502,0.1713582
0.1751968,0.00534561111193,0.150812,0.00171436600526,352,502,0.1713582
0.1752954,0.00529459575794,0.1508366,0.00146205083359,353,502,0.1713582
0.175394,0.00548544368306,0.1507874,0.00153397804417,354,502,0.1713582
0.1751968,0.00567145383125,0.1507382,0.0014895313894,355,502,0.1713582
0.1753938,0.0050818035145,0.150443,0.00171260012846,356,502,0.1713582
0.1754922,0.00534195040786,0.1502216,0.001699452453,357,502,0.1713582
0.1754922,0.00541398520131,0.1502462,0.00154340434106,358,502,0.1713582
0.1754922,0.00541398520131,0.1502708,0.00173402380606,359,502,0.1713582
0.1754924,0.00561630044068,0.15032,0.00174237665274,360,502,0.1713582
0.1754924,0.0055294102615,0.1502462,0.00177848231928,361,502,0.1713582
0.1753938,0.00555567847882,0.1502216,0.00171892589718,362,502,0.1713582
0.1752954,0.00515559535262,0.1499756,0.00172245715186,363,502,0.1713582
0.1752954,0.00523019741884,0.1498526,0.001585209841,364,502,0.1713582
0.1752954,0.00514619644398,0.1497788,0.00144455853464,365,502,0.1713582
0.1750002,0.00486766578146,0.1495818,0.00159730841105,366,502,0.1713582
0.1752954,0.00469343970239,0.149631,0.00129134627424,367,502,0.1713582
0.1750002,0.00460175120579,0.1492374,0.00150878594903,368,502,0.1713582
0.175197,0.00451034557434,0.149114,0.00135857940511,369,502,0.1713582
0.1750002,0.00462274435374,0.1490402,0.00145035725254,370,502,0.1713582
0.1750986,0.00452534783635,0.1490896,0.00149330527355,371,502,0.1713582
0.1746064,0.00379135736116,0.1489172,0.00160296892047,372,502,0.1713582
0.1743112,0.00368777273703,0.1489664,0.00163807186656,373,502,0.1713582
0.1744096,0.00386973221813,0.149065,0.00156880260071,374,502,0.1713582
0.1744094,0.00371658432435,0.1490158,0.00148925718397,375,502,0.1713582
0.1741142,0.00319534977115,0.1487942,0.00140586363492,376,502,0.1713582
0.1740158,0.00321349793216,0.148745,0.00137847829145,377,502,0.1713582
0.1737206,0.00324947808732,0.148622,0.00132703262959,378,502,0.1713582
0.1736222,0.00349916963864,0.148499,0.00128297903334,379,502,0.1713582
0.1733268,0.00370112736339,0.1482774,0.00129126242104,380,502,0.1713582
0.1733268,0.00370112736339,0.1482774,0.00139491269978,381,502,0.1713582
0.1733268,0.00355430237318,0.1482528,0.00120042449159,382,502,0.1713582
0.17313,0.00376600929367,0.1484004,0.00131450516926,383,502,0.1713582
0.1732284,0.00393700000508,0.1483022,0.00135991505617,384,502,0.1713582
0.1732284,0.00365639377529,0.1482282,0.00130986707723,385,502,0.1713582
0.1732284,0.00387500248258,0.1482038,0.00133067582829,386,502,0.1713582
0.1734252,0.00376857423438,0.148056,0.00135124801572,387,502,0.1713582
0.1732284,0.00393700000508,0.1480806,0.00149786148892,388,502,0.1713582
0.1730316,0.00372982522915,0.1478838,0.00121788035537,389,502,0.1713582
0.1732284,0.00389993490202,0.1477608,0.00118767173916,390,502,0.1713582
0.173622,0.00424933335948,0.1477608,0.00124247678449,391,502,0.1713582
0.17313,0.00409850065268,0.1476624,0.00103639038977,392,502,0.1713582
0.1732284,0.00393700000508,0.1474902,0.000941533727489,393,502,0.1713582
0.17313,0.00406290915478,0.147318,0.00103408065449,394,502,0.1713582
0.1730314,0.00404135509947,0.1470718,0.00134470374432,395,502,0.1713582
0.1732284,0.00447791873977,0.1471948,0.00134921479387,396,502,0.1713582
0.1735236,0.00470571357394,0.1470226,0.00121810255726,397,502,0.1713582
0.1737204,0.00448873909244,0.1470472,0.00124855218553,398,502,0.1713582
0.173622,0.00458903201122,0.1467766,0.0012081255895,399,502,0.1713582
0.173622,0.00440599432592,0.1467274,0.00124660797366,400,502,0.1713582
0.1740156,0.00434178297938,0.1466536,0.00129519243358,401,502,0.1713582
0.1738188,0.00419196237579,0.1465552,0.00146698253568,402,502,0.1713582
0.1743108,0.00411030078705,0.1464814,0.00159774573697,403,502,0.1713582
0.1740156,0.00411266057924,0.1464568,0.00164073390896,404,502,0.1713582
0.1740156,0.00427433375393,0.1464814,0.00143612821155,405,502,0.1713582
0.1740156,0.00427433375393,0.1464568,0.00140631509983,406,502,0.1713582
0.1738188,0.00490524598364,0.1461862,0.00142937362505,407,502,0.1713582
0.1739172,0.00456999883589,0.1462844,0.00149071011266,408,502,0.1713582
0.1740156,0.00452741739185,0.1464076,0.00144538252376,409,502,0.1713582
0.1740156,0.00451671148514,0.1464074,0.00145787209315,410,502,0.1713582
0.1740156,0.0045487536139,0.146186,0.00136655581664,411,502,0.1713582
0.1740156,0.0045487536139,0.1462106,0.00130352270406,412,502,0.1713582
0.1738188,0.0047954311339,0.1458662,0.00108278186169,413,502,0.1713582
0.174114,0.00457847018118,0.1459154,0.00118785817335,414,502,0.1713582
0.1743108,0.00450382643538,0.1458662,0.0012318906445,415,502,0.1713582
0.1739172,0.00484765623369,0.1457678,0.00112071734171,416,502,0.1713582
0.1740156,0.00480753469462,0.1455956,0.00115582344673,417,502,0.1713582
0.1739172,0.00484765623369,0.1457186,0.00122450783583,418,502,0.1713582
0.1743108,0.00471395355938,0.1455954,0.00108268639966,419,502,0.1713582
0.174311,0.00465206870113,0.1455216,0.00114200010508,420,502,0.1713582
0.1740156,0.0042402184189,0.1455956,0.00115582344673,421,502,0.1713582
0.1738188,0.0044497334482,0.1454722,0.000861351356881,422,502,0.1713582
0.1740156,0.00482763306808,0.145423,0.000920447717146,423,502,0.1713582
0.1739172,0.00486758894731,0.1453492,0.0008471834276,424,502,0.1713582
0.1738188,0.0049151056713,0.1452508,0.000892407171643,425,502,0.1713582
0.1739172,0.00425160672687,0.145177,0.000910532371747,426,502,0.1713582
0.1739172,0.0043861445211,0.1450294,0.000994400040225,427,502,0.1713582
0.1738188,0.00461006600387,0.1451032,0.0010569415121,428,502,0.1713582
0.1737204,0.00466851267964,0.1451032,0.00107115982001,429,502,0.1713582
0.1738188,0.00473442843013,0.1450048,0.00106265166447,430,502,0.1713582
0.173425,0.00480765344009,0.1449064,0.00119607618486,431,502,0.1713582
0.1730314,0.00480764934661,0.1448572,0.00130773933182,432,502,0.1713582
0.1732284,0.00474056817692,0.1447834,0.00118846263719,433,502,0.1713582
0.17313,0.00463103845806,0.1447834,0.00112570202096,434,502,0.1713582
0.17313,0.00463103845806,0.1447096,0.0010477405404,435,502,0.1713582
0.1732284,0.00468922793645,0.1446604,0.000991352530637,436,502,0.1713582
0.1732284,0.00468922793645,0.1446358,0.00103085448052,437,502,0.1713582
0.1730316,0.00468509221254,0.1446604,0.00112031327761,438,502,0.1713582
0.1730314,0.00488772632622,0.1445374,0.00103904063443,439,502,0.1713582
0.1733268,0.00488544677179,0.144439,0.000936740092021,440,502,0.1713582
0.1731298,0.00503222036083,0.144439,0.00099925672377,441,502,0.1713582
0.172933,0.0050341519246,0.1445866,0.00102437661043,442,502,0.1713582
0.172933,0.00511999148437,0.1444636,0.000963491276556,443,502,0.1713582
0.1728344,0.00538560490939,0.1445374,0.000905199779054,444,502,0.1713582
0.1728344,0.0054570634814,0.1444882,0.000840009857085,445,502,0.1713582
0.1730312,0.00532410831595,0.1446112,0.000821802019954,446,502,0.1713582
0.1731298,0.00526730217094,0.144439,0.000890370484686,447,502,0.1713582
0.1728344,0.00512765406789,0.1442668,0.000941894134179,448,502,0.1713582
0.1729328,0.00510114933716,0.1443652,0.00108519185401,449,502,0.1713582
0.1729328,0.00484803792889,0.1442668,0.000982769230288,450,502,0.1713582
0.1729328,0.00484803792889,0.1440946,0.000898489532493,451,502,0.1713582
0.172736,0.005189612895,0.1440946,0.000908536317381,452,502,0.1713582
0.1727362,0.00484175800304,0.1440946,0.000994400040225,453,502,0.1713582
0.1728346,0.00500309050888,0.1440454,0.000846468806277,454,502,0.1713582
0.1728346,0.00477528380727,0.1439716,0.00116011889046,455,502,0.1713582
0.1726378,0.0049152178141,0.1438484,0.00118359259883,456,502,0.1713582
0.1726378,0.0049446981465,0.1437008,0.00114620581049,457,502,0.1713582
0.172539,0.00494684295283,0.1435778,0.00117747873017,458,502,0.1713582
0.1722438,0.00507631694834,0.143627,0.00101632416089,459,502,0.1713582
0.1725392,0.00507257833454,0.1435778,0.00105831855318,460,502,0.1713582
0.1722438,0.00461669095349,0.1435532,0.000997679988774,461,502,0.1713582
0.1721454,0.00497417392539,0.1434548,0.00109490061649,462,502,0.1713582
0.1724408,0.00510113004735,0.1433318,0.00105838828414,463,502,0.1713582
0.1726376,0.00508020781465,0.1434548,0.00108938210009,464,502,0.1713582
0.1725392,0.00504384549327,0.1434054,0.00118943105727,465,502,0.1713582
0.1723424,0.00473483172246,0.1435532,0.00108773239356,466,502,0.1713582
0.1723424,0.00473483172246,0.1434794,0.000966937143769,467,502,0.1713582
0.1721456,0.00485602020589,0.1433562,0.00113952453243,468,502,0.1713582
0.1721454,0.00488577312613,0.1432824,0.00107442069973,469,502,0.1713582
0.172047,0.00510106443794,0.1433562,0.00112883150204,470,502,0.1713582
0.1719486,0.00478765210098,0.1432824,0.00112399192168,471,502,0.1713582
0.1719486,0.00501489699196,0.1432332,0.00109340777389,472,502,0.1713582
0.172047,0.00517645245318,0.1430364,0.00112934133016,473,502,0.1713582
0.172047,0.00496637759338,0.1430856,0.00115426870355,474,502,0.1713582
0.1718502,0.00510864367127,0.1429626,0.00108113118538,475,502,0.1713582
0.1718502,0.00508965509244,0.1427902,0.00108285001732,476,502,0.1713582
0.1717518,0.00507631694834,0.1428642,0.00114213368745,477,502,0.1713582
0.1717518,0.00484196127205,0.142815,0.00122152691333,478,502,0.1713582
0.1717518,0.00499941918227,0.1427904,0.0011791906716,479,502,0.1713582
0.1718502,0.00516520963369,0.1427412,0.00104528185673,480,502,0.1713582
0.1718502,0.00509915822073,0.1426426,0.00107444359554,481,502,0.1713582
0.1719486,0.00496637363073,0.142692,0.00114742424587,482,502,0.1713582
0.1717518,0.00506677097963,0.142618,0.00115794559458,483,502,0.1713582
0.1718502,0.00509915822073,0.1426918,0.00112883150204,484,502,0.1713582
0.1718504,0.00514650244729,0.1426426,0.00113473055833,485,502,0.1713582
0.1718502,0.00518392146545,0.1425934,0.00122058405692,486,502,0.1713582
0.1719486,0.00504377523686,0.142618,0.00109619852217,487,502,0.1713582
0.1718502,0.00518392146545,0.1426672,0.00112130984121,488,502,0.1713582
0.1719488,0.00538738420386,0.142618,0.00101294442098,489,502,0.1713582
0.1718502,0.00514641064821,0.1425936,0.00101769810848,490,502,0.1713582
0.1716534,0.00575077176038,0.142495,0.00113687044117,491,502,0.1713582
0.1717518,0.00574740680307,0.1425196,0.00106311929716,492,502,0.1713582
0.171752,0.00562829611872,0.1425442,0.00104299652924,493,502,0.1713582
0.1718504,0.00573398216251,0.142495,0.000954477239121,494,502,0.1713582
0.1716534,0.00545696969389,0.1423966,0.000919592213973,495,502,0.1713582
0.1717518,0.00578937068773,0.1424212,0.00102246337832,496,502,0.1713582
0.171752,0.00583941356645,0.1422244,0.000914280175876,497,502,0.1713582
0.1721456,0.005884029728,0.142126,0.000976441088853,498,502,0.1713582
0.1718502,0.00582605226204,0.1420768,0.000963961078052,499,502,0.1713582
0.1716534,0.00568299018475,0.1419784,0.000984475007301,500,502,0.1713582
0.1714566,0.00556416288762,0.142003,0.00107106806506,501,502,0.1713582
0.1713582,0.00574233682049,0.1419292,0.00105740236429,502,502,0.1713582
